path,size_bytes,sha256,status,original_path
01-Chaikin/01-Manuscript/Chaikin-family-history-review-2026-09-25.pdf,11806894,33784955944af11b10d097d42c6f665ec851c42cd6ad36e0e3f34d4406c81fb3,working review,working export
01-Chaikin/02-Tree-and-data/Chaikin-tree-data-working-v1.30.zip,91678,3522b7a74d33d857f509abff13c8a4eb556d18c6ad35a0fcc4483f43ff67d268,"working tree data v1.30 (90 people, 142 sources): JEM people-index harvest (block 19) - src_jem_people_index, lead_044 Tilson possible daughter, Sholem/Sholom spelling conflict visible, Koppel 56-photo Tishrei pattern, Shaul tag fits younger Shaul not Solly",Bacher block 19
01-Chaikin/02-Tree-and-data/Chaikin-tree-data-working-v1.30.zip,91678,3522b7a74d33d857f509abff13c8a4eb556d18c6ad35a0fcc4483f43ff67d268,"working tree data v1.30 (90 people, 142 sources): JEM people-index harvest (block 19) - src_jem_people_index, lead_044 Tilson possible daughter, Sholem/Sholom spelling conflict visible, Koppel 56-photo Tishrei pattern, Shaul tag fits younger Shaul not Solly",Bacher block 19
01-Chaikin/02-Tree-and-data/Chaikin-tree-data-working-v1.30.zip,91678,3522b7a74d33d857f509abff13c8a4eb556d18c6ad35a0fcc4483f43ff67d268,"working tree data v1.30 (90 people, 142 sources): JEM people-index harvest (block 19) - src_jem_people_index, lead_044 Tilson possible daughter, Sholem/Sholom spelling conflict visible, Koppel 56-photo Tishrei pattern, Shaul tag fits younger Shaul not Solly",Bacher block 19
01-Chaikin/02-Tree-and-data/Chaikin-tree-data-working-v1.30.zip,91678,3522b7a74d33d857f509abff13c8a4eb556d18c6ad35a0fcc4483f43ff67d268,"working tree data v1.30 (90 people, 142 sources): JEM people-index harvest (block 19) - src_jem_people_index, lead_044 Tilson possible daughter, Sholem/Sholom spelling conflict visible, Koppel 56-photo Tishrei pattern, Shaul tag fits younger Shaul not Solly",Bacher block 19
01-Chaikin/02-Tree-and-data/Chaikin-tree-data-working-v1.30.zip,91678,3522b7a74d33d857f509abff13c8a4eb556d18c6ad35a0fcc4483f43ff67d268,"working tree data v1.30 (90 people, 142 sources): JEM people-index harvest (block 19) - src_jem_people_index, lead_044 Tilson possible daughter, Sholem/Sholom spelling conflict visible, Koppel 56-photo Tishrei pattern, Shaul tag fits younger Shaul not Solly",Bacher block 19
01-Chaikin/02-Tree-and-data/Chaikin-tree-data-working-v1.30.zip,91678,3522b7a74d33d857f509abff13c8a4eb556d18c6ad35a0fcc4483f43ff67d268,"working tree data v1.30 (90 people, 142 sources): JEM people-index harvest (block 19) - src_jem_people_index, lead_044 Tilson possible daughter, Sholem/Sholom spelling conflict visible, Koppel 56-photo Tishrei pattern, Shaul tag fits younger Shaul not Solly",Bacher block 19
01-Chaikin/02-Tree-and-data/Chaikin-tree-data-working-v1.30.zip,91678,3522b7a74d33d857f509abff13c8a4eb556d18c6ad35a0fcc4483f43ff67d268,"working tree data v1.30 (90 people, 142 sources): JEM people-index harvest (block 19) - src_jem_people_index, lead_044 Tilson possible daughter, Sholem/Sholom spelling conflict visible, Koppel 56-photo Tishrei pattern, Shaul tag fits younger Shaul not Solly",Bacher block 19
01-Chaikin/02-Tree-and-data/Chaikin-tree-data-working-v1.30.zip,91678,3522b7a74d33d857f509abff13c8a4eb556d18c6ad35a0fcc4483f43ff67d268,"working tree data v1.30 (90 people, 142 sources): JEM people-index harvest (block 19) - src_jem_people_index, lead_044 Tilson possible daughter, Sholem/Sholom spelling conflict visible, Koppel 56-photo Tishrei pattern, Shaul tag fits younger Shaul not Solly",Bacher block 19
01-Chaikin/03-Original-family-documents/Meir-Chaim-Chaikin-biography-original.doc,143360,a009d14dea64e18906a02c92eb73a5dcac85fc14e6e2879cc07d2ff65ac5c563,source/archive; see index,working export
01-Chaikin/03-Original-family-documents/Meir-Chaim-Chaikin-shloshim-translation-original.docx,20118,9bd130a91f9bc12522d67fe31f8cae2ef4c3512d6bd47afcca03f762d3654fa7,source/archive; see index,working export
01-Chaikin/04-Archive-records/Azriel-Chaikin-Chabad-org-portrait-original.jpg,61023,e501554bd13380b43c2ffff322564598c996e919139769f50a3cb3a74cb108b7,source/archive; see index,working export
01-Chaikin/04-Archive-records/Bacher-research-source-texts-2026-09-25.zip,65385,6d603f5c43898d8545e2082fd2303161a1215163b2950679cd163f27253a87df,source/archive; see index,source material supplied by research lane
01-Chaikin/04-Archive-records/Jewishdata/READ-ME.md,603,11620b2a241e1410139c3b29229f4febd03874b253c0ae8a9b899db464648392,source/archive; see index,working export
01-Chaikin/04-Archive-records/Jewishdata/jd-1009570-1-b5767fce.jpg,720989,8dfa4053f116db0590bd93558a72cb7033338955dca28229ccea5e6d720cb97c,source/archive; see index,working export
01-Chaikin/04-Archive-records/Jewishdata/jd-1009907-67cdde5b.pdf,1229130,c5f5e32639ffb0dbcc3375a6e3309bd9cc27b0ef993bcd4e60c8ae6713c69e2a,source/archive; see index,working export
01-Chaikin/04-Archive-records/Jewishdata/jd-1197780-1-09bf1693.jpg,700935,05170bb7ff2d8413142a866185cb7333c336770368e26e70ee531f973466787e,source/archive; see index,working export
01-Chaikin/04-Archive-records/Jewishdata/jd-1412700-da9fb03a.pdf,1796687,cf1b0aab53b978a05649b81bb8ca5b0e257faa605e79367904c503934449aaa2,source/archive; see index,working export
01-Chaikin/04-Archive-records/Jewishdata/jd-2682-1-bc4acd5f.jpg,193423,e7e4ce4bd7c7bac532e94f82507404aa65932ac815e2e485d8acd1fcad11e21a,source/archive; see index,working export
01-Chaikin/04-Archive-records/Jewishdata/jd-2710-1-7ce04748.jpg,194530,25d99be37b3a8ace1d96e41e22233be4f96b94b4ab18f74f89d837bba78babd3,source/archive; see index,working export
01-Chaikin/04-Archive-records/Jewishdata/jd-2768-1-0e009cd7.jpg,194932,48b5bc64e697251727d82852170a17424575f3628bf1ad365af6c05e4a5c97c5,source/archive; see index,working export
01-Chaikin/04-Archive-records/Jewishdata/jd-2769-1-3f55e561.jpg,204048,a1d7e23f94b9e5fccf3ce3b81b1dbe3260ec36a876125f4851c74687b6a56714,source/archive; see index,working export
01-Chaikin/04-Archive-records/Jewishdata/jd-2770-1-590886a4.jpg,206797,634c4920e68eee76af473ff41f06c2e2d91f0917494d5ef58cb80930a98b175b,source/archive; see index,working export
01-Chaikin/04-Archive-records/Jewishdata/jd-2908-1-b308f985.jpg,161029,3147a94987511fca9b45df4f4f4d36656f464dce18d2011dddf35ca16bcacd61,source/archive; see index,working export
01-Chaikin/04-Archive-records/Jewishdata/jd-303138-1-deb5f5b5.jpg,197176,1548cba7070b654597407e799b29a18c3e801c2fb7a8631b410f217395328801,source/archive; see index,working export
01-Chaikin/04-Archive-records/Jewishdata/jd-44525-1-e9bfb6db.jpg,171027,8ff397b7a92db5aadd7f97388c6ed160346ce81fb4f55dfa3e9c4b8056ba21f0,source/archive; see index,working export
01-Chaikin/04-Archive-records/Jewishdata/jd-44526-1-ea245463.jpg,144836,20eeee4552bdcc8525e661c26de54dd5240f98e5a0426101a1ee45eab8518303,source/archive; see index,working export
01-Chaikin/04-Archive-records/Jewishdata/jd-706268-1-cbe342b0.jpg,922185,fbfab1eebf26429c303450d668793a237d1f4df60845400c9af5cbe6547f7488,source/archive; see index,working export
01-Chaikin/04-Archive-records/Koppel-Bacher-COLlive-obit-original.jpg,74846,b75f91304ace3ae16c3bcb958030704b72b8b300a8c0f2b0d8ccf1c666d10015,source/archive; see index,working export
01-Chaikin/04-Archive-records/Meir-Chaim-Chaikin-Chabad-org-portrait-original.jpg,60634,4e501485cefb622890528bc01de131ecf363cd3bf25a92d80c009e22cc44a1a1,source/archive; see index,working export
01-Chaikin/04-Archive-records/Selma-Bacher-COLlive-obit-original.jpg,26135,b30564f337840ca4129376028f39c9ad8c478719a8dc8f96493692fdfc697ac5,source/archive; see index,source material supplied by research lane
01-Chaikin/04-Archive-records/arolsen-cyla-001-2da562b4.jpg,110906,af2a96e52a9ec2132dc65a6f2696fc8c36e2b1624a5248a8fcb5892e4dc8a120,source/archive; see index,working export
01-Chaikin/04-Archive-records/arolsen-cyla-002-637f30f4.jpg,76248,137c4fe0a3cf7947e93f67d7e0f35290263bcd353ee9fa5bfa27f133909948bb,source/archive; see index,working export
01-Chaikin/04-Archive-records/arolsen-efraim-iro-card-5c2c3c44.jpg,53475,a7796d1ae62e4a2fb18a14f4776e550d5ac7fa51aa047a942d9aea76badd3a60,source/archive; see index,working export
01-Chaikin/04-Archive-records/arolsen-efraim-original-43371d98.jpg,112030,c9df78ad151776c7cf6eda72b87aecaf8436422713a42f7d2260d65f2ab7ef55,source/archive; see index,working export
01-Chaikin/04-Archive-records/arolsen-f4741826-001-164ec51c.jpg,106681,a8e47f7cf20bcf8baa8807022f85b77cc9ce12d92ae4768bbdaf0fd55eac8182,source/archive; see index,working export
01-Chaikin/04-Archive-records/arolsen-zalman-001-7ea22bbc.jpg,111588,9b004486ddabbcf4e9caef6459ef6fd3e4570c7a18582e7c72fa9ce060161604,source/archive; see index,working export
01-Chaikin/04-Archive-records/arolsen-zalman-iro-card-9ef556dc.jpg,54469,716550885f7f634e4894c5156e5eb56745b533d1d54bbab9dc403f75720eedef,source/archive; see index,working export
01-Chaikin/04-Archive-records/bacher-lane-artifacts-r2-573bc1fd.zip,95642,e9ca5268102c7fc8bdbf04427fadf6baf04c8ad17ec876b8594ddffe03fe91de,source/archive; see index,working export
01-Chaikin/04-Archive-records/jdc-card-1294231-a79ce592.jpg,87657,f01594a96d92b05f00586596b7558f9e9e2b6a230ed29cbf461b91467f6c43e5,source/archive; see index,working export
01-Chaikin/04-Archive-records/jdc-card-1294232-5ab82671.jpg,83867,481c3d16b57e3c13ef26112861ab3d5a4404b7e3577c16e9ae4f95d1a8c9583f,source/archive; see index,working export
01-Chaikin/04-Archive-records/jdc-card-1294233-95a989a0.jpg,85969,1da1f7a2fc45908c797a0cd1a6ce0b6fc22506cfe4d9df61a5206091e04b3581,source/archive; see index,working export
01-Chaikin/04-Archive-records/jdc-card-154495-aabc58f7.jpg,433983,752482dbfee1ad4d064e150c0412f11bbda7218b01c2ac185ebbf4a273f44b58,source/archive; see index,working export
01-Chaikin/04-Archive-records/jdc-departures1949-p25-da41d1fa.pdf,434660,d87a61703ee50535e3aa1bf3b90cd7a45658a38d93e1c0e99ac5d88ce4ebbcc3,source/archive; see index,working export
01-Chaikin/04-Archive-records/jdc-vmb-01124-81c0e6ee.jpg,417707,be83c27c570d1561a559b5f70c7b9d28c4a4e720b318f273c04b0e2bb4c4866f,source/archive; see index,working export
01-Chaikin/04-Archive-records/koppel-bacher-aliyah-rebbe-minyan-sukkos-5752-rebbedrive-e61efeec.png,476030,045be9afa81c25657df43d61180bafa0dd8c82d4a573184640c31c3d89b53aaa,source/archive; see index,source material supplied by research lane
01-Chaikin/04-Archive-records/koppel-bacher-jem-video-still-2016-7e80badc.jpg,37285,6968bc472fd9cccd87d4de06673c5556a4d03d1e29975942199d4108ba274a0f,source/archive; see index,source material supplied by research lane
01-Chaikin/04-Archive-records/koppel-bacher-with-r-mendel-lipskar-5772-collive-66cc0bb6.png,466584,970c4e03c8a4b960e9ddf5ff1b9e7448138930d1afffa41d75a9d6adfa8fa910,source/archive; see index,source material supplied by research lane
01-Chaikin/05-Research-notes/Chaikin-family-findings.md,22645,d0491406856c46558386a1315bd99af540ce5f71068c173a6b8c2be2cc6e5bc9,source/archive; see index,working export
01-Chaikin/05-Research-notes/Chaikin-validation-report.md,23263,8787795111b88fca947ef1a83dffe2709abd90f07842bc74f2e3f091d702cf10,source/archive; see index,working export
01-Chaikin/05-Research-notes/Cross-family-gap-hunt-report.md,18001,b0b75cd7082b55162dbec3256884ed338733451864e5e3dddccb0d189afcccb5,source/archive; see index,working export
02-Warszawski/01-Manuscript/Warszawski-family-history-review-2026-09-25.pdf,127442,a982a4dc2613a6563a4e5041c6423039bbd04bbef9cc7497b7d333daa2702aaf,working review,working export
02-Warszawski/02-Tree-and-data/Warszawski-tree-data-working-v1.6.zip,76712,a1f2811a0cbd4c15b3c42e6475b8ddac401a75f601d905b32a277402c6f2c3b6,source/archive; see index,working export
02-Warszawski/02-Tree-and-data/Warszawski-tree-data-working-v1.7.zip,82382,485d3b11fe7bb9f7ea3065d729bb9b9df9320e97111669450144a070e16a1fbd,source/archive; see index,working export
02-Warszawski/03-Archive-records/Berta-Warszawski-headstone-BillionGraves-2026-09-25.png,277719,043ac410471fd9adf3f012bedf75c97f48fa863ef526933e05b3f7b208d074dd,source/archive; see index,working export
02-Warszawski/03-Archive-records/Elka-Zelkind-headstone-BillionGraves-2026-09-25.png,264734,99d673928b29840871b0c5fb31e62d0ee9b903546f89839bddd15b280e029f3c,source/archive; see index,working export
02-Warszawski/03-Archive-records/Gail-Zelkind-headstone-BillionGraves-2026-09-25.png,256377,8e0507be5ce72eeef836b3812803327e640b061658fda79bf933175c5a426b11,source/archive; see index,working export
02-Warszawski/03-Archive-records/Jewishdata/READ-ME.md,497,689bce99859f77c1d75fabfe67c059753668eb4c50a7ecab053b8d4eabe42191,source/archive; see index,working export
02-Warszawski/03-Archive-records/Jewishdata/jd-271689-1-dbd72f4e.jpg,201182,198ec3c2f8f91c01ea02e7de023c38194b671e55a198be705dbfc28933d967ea,source/archive; see index,working export
02-Warszawski/03-Archive-records/Jewishdata/jd-377384-1-cbce5ad6.jpg,195752,fcfd5dd3975736c398ed3e9629a689a703fe03b3b531261fde95a3f66031c66b,source/archive; see index,working export
02-Warszawski/03-Archive-records/Jewishdata/jd-443207-1-d71b667e.jpg,188391,0594aadad7e2de9e4cdc1e177056173858130ae81f8f417191addf5e49772e4a,source/archive; see index,working export
02-Warszawski/03-Archive-records/Mordukh-Zelkind-headstone-BillionGraves-2026-09-25.png,312855,5429a6c84389e04bde1e0f06d2e14ee26d8aefa863e508ec3a7be3e99fbc6891,source/archive; see index,working export
02-Warszawski/03-Archive-records/Plain-Dealer-Ileen-Hersh-2009-05-23-original.pdf,435527,ffecd000eef9b0bc1903b427bebc8b50bfd88db3ae911d496981cc51cb4f2c0d,source/archive; see index,working export
02-Warszawski/03-Archive-records/Plain-Dealer-Mordukh-Zelkind-1996-09-25-original.pdf,384503,2fb1c7859e1be0e9db1146cd04fd89f293acac5e0e81e2c11cc8c191558aecea,source/archive; see index,working export
02-Warszawski/03-Archive-records/Zion-Memorial-Park-Hersh-register-2026-09-25.png,79684,916b81f707fc4b83169e45bfe0dc2acd35dd7541a648c87cffdc3397849bc147,source/archive; see index,working export
02-Warszawski/03-Archive-records/Zion-Memorial-Park-Warszawski-register-2026-09-25.png,26240,9e58ee18d281443d00bba9c17c7763ce0ea578a87e42b03731e3287e0996830f,source/archive; see index,working export
02-Warszawski/03-Archive-records/cloud-browser-20260925-170133-b2a7748f.png,465913,da373c126fbce23bfae7931f683dacba5bd1a5e0c92ee27b4a46b0ae88be28a4,source/archive; see index,working export
02-Warszawski/03-Archive-records/cloud-browser-20260925-170508-99e21d2c.png,147155,6fae03d1eac293b5bd9bec8fe3c4e28dc11c49d2cfd888bf71b059d2e5a9a899,source/archive; see index,working export
02-Warszawski/03-Archive-records/cloud-browser-20260925-170602-1c8c0604.png,134758,d19e435deab9180ebd5005c808041913e23421fbc80455380cd8fe60f0254d5b,source/archive; see index,working export
02-Warszawski/03-Archive-records/hersh-card-detail-203dd1b3.png,699173,ae0f66629f897e3e4a57e2e17546913b627fd815ac606e3ed9f6b37ef382abde,source/archive; see index,working export
02-Warszawski/03-Archive-records/szymon-1995-06f9229b.png,398082,2061b93701a8b5552eb1ba5bc0e9592b38001165dbbc3c1021f429a8874efc7c,source/archive; see index,working export
02-Warszawski/04-Research-notes/Warszawski-chat-mining-report.md,22254,efee39436e89baccb4a797d77c9d56a725fc9573294c1ee8000695110448aed0,source/archive; see index,working export
03-Cross-family/01-Original-images/image-0fae1361.jpg,152485,8030ee9bd567231d2b2a0ea7c8b872dbc994339addc51f0c77a42915e9d0a87e,source/archive; see index,working export
03-Cross-family/01-Original-images/image-26f05df6.png,1836934,b3768148a307083c676e1ff15d7356019c496098d4c8d3d66194c725aecb4594,source/archive; see index,working export
03-Cross-family/01-Original-images/image-5c1750b5.png,2628787,8062fabfdf5df73502a8dfa4ae01c659693d69ae8127a6a160a95adca837b11e,source/archive; see index,working export
03-Cross-family/01-Original-images/image-e2e3d19c.jpg,334030,d9472a373bd8dc6ffcac6c57da5c699323ad7704c6462e76a29d4a79f187e57d,source/archive; see index,working export
03-Cross-family/01-Original-images/tree-hero.png,3084870,3595a6b7c49a3eb5155e6ea2f7ba8bcefff3ffb9aaafbba70fdc08ffc7974958,source/archive; see index,working export
03-Cross-family/02-Earlier-editorial-proof/Earlier-combined-editorial-proof-SUPERSEDED.pdf,4485167,2b046ffef82de2fc3c22d9bd83031fdec325bf14481a36caab61d3147ee7d017,source/archive; see index,working export
03-Cross-family/03-Unlinked-research-leads/Jewishdata/READ-ME.md,438,3c764d917ca142a192846f0b54c671e0d19058a1d2cfcb5db7dea2b3736f9e20,source/archive; see index,working export
03-Cross-family/03-Unlinked-research-leads/Jewishdata/jd-1028212-1-a129242c.jpg,560437,35815d800a903d58f94d00fbc1edac9faafff225e5b60bdea94ce9b8c843b324,source/archive; see index,working export
03-Cross-family/03-Unlinked-research-leads/Jewishdata/jd-1028213-1-0eb0d0d0.jpg,600317,06f35b83d5f12587ee0390d472c9312afc2a96588c37b60005a5c6eaec9d3a48,source/archive; see index,working export
03-Cross-family/03-Unlinked-research-leads/Jewishdata/jd-1094925-1-ad040c4f.jpg,1020326,084109e1eadd0113c555552b827931e1a1dd5a0af71d4d46e5e5d36119209bce,source/archive; see index,working export
03-Cross-family/03-Unlinked-research-leads/Jewishdata/jd-1416321-2f9d3284.pdf,2233731,2e251651f7f911a220aa326da1228604370568c95393cef9814472e47fdf6d3a,source/archive; see index,working export
03-Cross-family/03-Unlinked-research-leads/Jewishdata/jd-351371-1-39df5b7a.jpg,138607,0be25aef2d0db4faa8819a115dee8157d41ae405fc6b7fb62ab386d678244f5a,source/archive; see index,working export
03-Cross-family/03-Unlinked-research-leads/Jewishdata/jd-897951-827e6e11.pdf,1551936,e3384121496ba74ae8757a12e7f6d015601c71cdacee5f306dc7e560452ce916,source/archive; see index,working export
01-Chaikin/04-Archive-records/bacher-lane-artifacts-r5.zip,129634,1ea26046dad69ac3a11447c64f8b5561cdcd510551d18fb764dfb28cedbe2d59,source/archive bundle; reading aid,dig lane round 5
01-Chaikin/04-Archive-records/canadian-jewish-chronicle-1955-12-02-ordination-page-anash-scan-original.jpeg,127113,5c94607c1793225666b2926d20c9b468152171cc08f6b7a2435966c07a25c6fc,original scan; anash.org watermark retained,dig lane round 5
01-Chaikin/04-Archive-records/meir-chaim-chaikin-1955-chronicle-portrait-derived-crop.jpg,45980,3c8a568ac54860e25287b2b32fabb0ca1a9a32374078014f33213695fe0d45cc,derived crop; cleared for site use,dig lane round 5
01-Chaikin/04-Archive-records/meir-chaim-chaikin-1955-film-portrait-derived-still.jpg,64201,d6531e44a24fafdad13474e2e403419164d2056beab9068da4a479c58b017866,derived still; cleared for site use,dig lane round 5
01-Chaikin/04-Archive-records/sefer-hachasidim-card-5722-koppel-bacher-chabadlibrary-scan.jpg,408074,90ba4f1bc1723519dff675b3bf848826a2bc949ecd598396bb496c20fe4a4c74,source scan; chabadlibrary.org index image,dig lane round 5
01-Chaikin/02-Tree-and-data/Chaikin-tree-data-working-v1.30.zip,91678,3522b7a74d33d857f509abff13c8a4eb556d18c6ad35a0fcc4483f43ff67d268,"working tree data v1.30 (90 people, 142 sources): JEM people-index harvest (block 19) - src_jem_people_index, lead_044 Tilson possible daughter, Sholem/Sholom spelling conflict visible, Koppel 56-photo Tishrei pattern, Shaul tag fits younger Shaul not Solly",Bacher block 19
01-Chaikin/05-Research-notes/research-note-2026-09-26-rounds-5-6.md,3650,3e58d34588050608ed87418c28a415a416d25b10748622e7bbdc041368cca4c6,integration note rounds 5-6 both families,rounds 5-6
02-Warszawski/02-Tree-and-data/warszawski-family-tree-v1.8.json,150863,eb838a4adfba3cb36148fd5750d28030002e72a1dee9e78270d331f3c3ca8bbc,working data snapshot v1.8; published gen 11,Warszawski JOWBR round
01-Chaikin/04-Archive-records/Canadian-Jewish-Review-1965-12-31-obituary-Rabbi-Meir-Chaim-Chaikin.pdf,3153813,,original scan; full obituary page,dig lane round 7
01-Chaikin/04-Archive-records/JEM-Heres-My-Story-Azriel-Chaikin-2015-07-25.pdf,1341334,,original PDF; first-person interview,dig lane round 7
01-Chaikin/04-Archive-records/Derher-Adar-5775-A-Crack-in-the-Iron-Curtain-Ezriel-Chaikin.pdf,7661312,,original PDF; pp 45-52,dig lane round 7
01-Chaikin/05-Research-notes/research-note-2026-09-27-round-7.md,3209,5a922f7b1c374d957f67c647a37a23915c70dff3a5625a01234f6d8e6223a820,integration note round 7; holds obit street addresses privately,round 7
01-Chaikin/05-Research-notes/research-note-2026-09-27-round-8.md,2119,729b8fbccd9b77a337f83d677448cea66e60a7f78a343d37f3f5ec1cf366e5cd,integration note round 8; Derher narrator identified,round 8
02-Warszawski/02-Tree-and-data/warszawski-family-tree-v1.9.json,158960,7127a7661a7dc71392e3c897dad76fb49b1f2a7202b62d775b6cef1d8dc4ac06,working data snapshot v1.9; published gen 12,Warszawski day-2 batch
02-Warszawski/04-Research-notes/research-note-2026-09-27-warszawski-day2.md,4241,0785b134b948cf9d123eaec6066c9a43abfe1fd857d2e3dfe074acd4cb218875,integration note Warszawski day-2 headstones and sweeps,Warszawski day-2 batch
01-Chaikin/04-Archive-records/igros-kodesh-vol7-letter-1890-printed-pp21-23-hebrewbooks15887.pdf,87615,,original scan; printed pages 21-23 of Igros Kodesh vol 7 letter 1890,round 9
02-Warszawski/02-Tree-and-data/warszawski-family-tree-v1.10.json,160911,2650cf0318ffa17e09e518ba2917dd971e95a18fa598bcb703050726a99888ff,working data snapshot v1.10; published gen 13,Warszawski day-2 pm supplement
02-Warszawski/04-Research-notes/research-note-2026-09-27-warszawski-day2-pm.md,2693,946c847070fa6830b8bf1444c9629a82ab84ff15791a2b8a556565f0aeefb524,integration note Warszawski day-2 afternoon sweeps; email grant verified,Warszawski day-2 pm supplement
01-Chaikin/04-Archive-records/jem-hms-170-metzorah-5776-nothing-to-fear.pdf,342422,,original JEM print PDF via Wayback; Koppel interview,round 10
01-Chaikin/04-Archive-records/ucl-jhs-kollel-yad-shaul-fachler-2024.pdf,168371,,peer-reviewed paper PDF; Kollel Yad Shaul history,round 10
01-Chaikin/04-Archive-records/bacher-lane-artifacts-r7.zip,782586,,source bundle; reading aid,round 10
01-Chaikin/04-Archive-records/koppel-bacher-collive-jem-2016.jpg,37285,,captioned JEM portrait; verified likeness,round 10
01-Chaikin/05-Research-notes/research-note-2026-09-27-round-10.md,4248,a333de623c107985b23e44c3a6eb6f7759906548c366082798c513e19ef27f8b,integration note round 10 Bacher JEM + UCL,round 10
01-Chaikin/01-Manuscript/Chaikin-book-preview-2026-09-28.pdf,16794910,99eff733e4aa79a2c855d42433c383bce4c1756b4a5e17df9d02b060f5e6cd86,"book preview PDF; published-biography edition v3.1 (66 pages). v3.1: Chaya-and-cookbook sentence removed from ch.19 at the user's instruction Sep 28. v3: rich revision per user steering Sep 28 - 17 new facsimile pages (Whos Who 1965, Ezras Torah 1948 roster, DP registration duplicate, IRO identity cards, Munich JDC file 15399, 3 Paris JDC cards SWE 66, departure list 1949, Schmukler/Ushpal stones, family forms, Pittsburgh Yiddish page, Efraim Schmukler HMS pp1-2, Lipsker stones I+II, Igros pp22-23, kinus 2022 + JEM still, Copenhagen 1962 letter); prose splices ch.4/8/16; records consulted 123 to 130 sources",book preview
02-Warszawski/02-Tree-and-data/warszawski-family-tree-v1.11.json,145167,58c234948ed145ab75539bbe188b71882170fb31cac26a74e2933cec886689da,working tree data v1.11; published gen 14,Lane B tonight-block
02-Warszawski/04-Research-notes/research-note-2026-09-27-warszawski-lane-b.md,2790,aaecf34892abdce224ab170192f06254b0dbdeeadb9757cebe2b96d165a5a4ec,integration note Lane B tonight-block,Lane B tonight-block
02-Warszawski/01-Manuscript/The-Warszawskis-family-edition-v5-backup.pdf,19986662,e5440bfb1f1bc9051855cae814d80a591e851aaf333bbeb6921d4d8815ea73ef,"superseded v5 (63pp) kept as backup; renamed from The-Warszawskis-family-edition-v5.pdf Sep 28 9:56 PM EDT when v6 shipped",book v5 backup
01-Chaikin/05-Research-notes/research-note-2026-09-27-round-11.md,5883,46984d9b7b1c9ff0738d4d085f92b8e25a23a3c62f9edfe895731d7770ecff57,integration note Lane A tonight-block (Tiferes Azriel + chabadpedia),Lane A tonight-block
02-Warszawski/02-Tree-and-data/warszawski-family-tree-v1.12.json,176035,6ff00c44abb39709762ea4f950981695adadb8612fe86deb8479de4062bee8aa,working tree data v1.12; published gen 15,Lane B block-2
02-Warszawski/04-Research-notes/research-note-2026-09-27-warszawski-lane-b-block2.md,4760,244893ac71ee50a64e438eeff0fea3fee626f5673fa96b6bc79446e163745753,integration note Lane B block-2, CORRECTED (Metz retracted; address 2341 E 57th; LT33-Q47 data-quality), Metz anchored, HERSH KOVITZ confirmed),Lane B block-2
02-Warszawski/02-Tree-and-data/warszawski-family-tree-v1.13.json,177641,b130e7750afc7b8f4d7b9a3c0473effeb45890cf4ec29396034931a2f624cd72,working tree data v1.13; published gen 16,Lane B block-2 correction
02-Warszawski/02-Tree-and-data/warszawski-family-tree-v1.14.json,188315,310d2420079ccd46e8e5f842faad2559b9d2eeffbfcaa349bdf01b2d20b7bc1d,working tree data v1.14; published gen 17,Lane B block-3
02-Warszawski/04-Research-notes/research-note-2026-09-27-warszawski-lane-b-block3.md,3203,8a402549b5baee950f3597535a36571b9431f4f2fa29bbac3dd6b6fdbb19c838,integration note Lane B block-3 (Pearl petition, FS trees, Herman Garson line, Ellis 1902),Lane B block-3
02-Warszawski/03-Archive-records/Garson-Marcel-acte-5097-Paris18e-1895-V4E10322.jpg,221184,402a2566a89cd616dbb82af01f545b6b0a1b13d222ed439950a1974d445dd027,"original scan, pristine; Paris 18e birth act 5097 (Marcel Garson 1895, V4E 10322)",European lane Paris
02-Warszawski/03-Archive-records/Garson-Charlotte-acte-1182-Paris18e-1898-V4E10385.jpg,402824,3e2e9d44006c126a01b8eeb087e99dd9f45acf7f2a1e150d6be176c548192f0a,"original scan, pristine; Paris 18e birth act 1182 (Charlotte Garson 1898, V4E 10385)",European lane Paris
02-Warszawski/03-Archive-records/Garson-table-decennale-Paris18e-D1M9-220.jpg,63117,e5387dd1aa705babd61325f90cad3f9af447394a45d47ec5d3a4ca08d219f1ba,"original scan, pristine; Paris 18e decennial table (both Garson entries)",European lane Paris
02-Warszawski/02-Tree-and-data/warszawski-family-tree-v1.15.json,200847,14ce7cc644d71e7a01765de04d68d1a54eb08adf8aaf2b90844e5d598f8d852d,"working tree data v1.15 (42 people, 78 sources); Julia Garson inferred branch added, not merged to Solomon",European lane Paris
02-Warszawski/04-Research-notes/research-note-2026-09-27-warszawski-paris-garson.md,2582,ca0584a3fa84e9477cdb1e5277f4d3f965d286c128486a662e9c40d81f083be0,integration note European lane Paris Garson finds (incl. private street addresses),European lane Paris
02-Warszawski/03-Archive-records/Garson-table-decennale-Paris14e-Armandine-1893.jpg,30330,6544ab1ee555c76acf3803e816dc243c9428bd8870feae53c7481695135069c7,"original scan, pristine; Paris 14e decennial table - Armandine Garson, 19 Jun 1893 (table-level, act pending)",European lane Paris sweep
02-Warszawski/03-Archive-records/Garson-table-decennale-Paris06e-Aline-1894.jpg,46971,7fafa0d3655a4a8851c7e86a8b416aa89c4f2712b2a3b17a0693fb641748492a,"original scan, pristine; Paris 6e decennial table - Aline Garson, 22 Oct 1894 (table-level, act pending)",European lane Paris sweep
02-Warszawski/03-Archive-records/Garson-table-decennale-Paris05e-LeonJules-1897-Gustave-1901.jpg,82233,d89fd8f05c38edb5bac3e57cdc92f37d44dfa8e398e77a611e2040bfb018edae,"original scan, pristine; Paris 5e decennial table - Leon Jules Garson, 21 Jan 1897; Gustave Garson, 16 May 1901 (table-level, acts pending)",European lane Paris sweep
02-Warszawski/03-Archive-records/Garson-table-decennale-Paris04e-MarcelAlphonse-1902.jpg,63755,45f3dac95e809764cc7a4d7b5164a47f2700b18c8486d257a228ec73f3cb1a34,"original scan, pristine; Paris 4e decennial table - Marcel Alphonse Garson, 1 Oct 1902 (table-level, act pending)",European lane Paris sweep
02-Warszawski/03-Archive-records/Garson-table-decennale-Paris17e-MarcelEugeneJules-18nov1895-conflict.jpg,38796,33112c05fb26c32e7b35394746c1fa4919fdfa5fee48811b676a47620fb9c853,"original scan, pristine; Paris 17e decennial table - Marcel Eugene Jules Garson listed 18 Nov 1895; RESOLVED 27 Sep 2026: 18 Nov is the acte de reconnaissance 3451 date (recognition), same child as 18e birth act 5097 (b. 4 Nov 1895) - no double registration; prior double-registration theory retracted",European lane Paris sweep
02-Warszawski/03-Archive-records/Garson-MarcelEugeneJules-acte-3451-Paris17e-1895-reconnaissance.jpg,443090,39cdc09608d19d2a2b6b3069919eacb071610717e0e7148f82bbb6e72a7472e3,"original scan, pristine; Paris 17e acte de reconnaissance 3451 (18 Nov 1895): Julia Emelina Perpetue Garson recognizes son Marcel Eugene Jules - same child as 18e act 5097 (b. 4 Nov 1895); one child, two records; margin has NO annotation (earlier 'Metz' reading belonged to act 3452, retracted)",European lane Paris sweep
02-Warszawski/03-Archive-records/Garson-MarcelAlphonse-acte-1291-Paris04e-1902.jpg,469793,b900adb1dc62eef2550220d7d716e729619b3b0fd4f50ff9362f298f62cc11d1,"original scan, pristine; Paris 4e birth act 1291 (1 Oct 1902): Marcel Alphonse Garson b. 29 Sep 1902, son of Charles Alphonse Garson (marchand de vins) x Juliette Honorine Boclin, bd Sebastopol 24",European lane Paris sweep
02-Warszawski/03-Archive-records/Garson-Gustave-acte-1389-Paris05e-1901.jpg,465413,6d8f1892bba6585b2dd83fb91d6bfd6db959881ae164d842a55f4b53f2e606a1,"original scan, pristine; Paris 5e birth act 1389 (16 May 1901): Gustave Garson b. 13 May 1901, son of Louise Garson (chiffonniere, unwed), rue Saint Medard 4",European lane Paris sweep
02-Warszawski/03-Archive-records/Garson-Aline-acte-3542-Paris06e-1894.jpg,357040,047ebadd4dbf84669e5be2693e1c3f27cc30b3a71ff513f5489812040642e1f5,"original scan, pristine; Paris 6e birth act 3542 (22 Oct 1894): Aline Garson b. 19 Oct 1894, daughter of Marius Gabriel Garson (cordonnier) x Marie Guden, rue Mazarine 31",European lane Paris sweep
02-Warszawski/03-Archive-records/Garson-Aline-acte-3542-Paris06e-1894-margin-mariage-Godenne.jpg,122821,c12c7bd1dcd09a2b95755a9fb520616b7563129d171acfda2500cf18a7da06bf,"original scan, pristine; margin crop of Paris 6e act 3542: Aline Garson married Edouard Adolphe Godenne on 16 Oct 1920, Paris 17e act 5559 (future pull target)",European lane Paris sweep
02-Warszawski/03-Archive-records/Garson-LeonJules-acte-197-Paris05e-1897.jpg,171950,5eecf75a9bb6ff504512a897bcfa73fd35142144a20c811bec94cb85ea188a4f,"original scan, pristine; Paris 5e birth act 197 (21 Jan 1897): Leon Jules Garson b. 17 Jan 1897, son of Melina Perpetue Garson (20, domestique, unwed), born avenue des Gobelins 7; register V4E 8397",European lane Paris sweep
02-Warszawski/03-Archive-records/Garson-LeonJules-acte-197-Paris05e-1897-margin.jpg,151170,4e820869457b31741c0a21cd26fa1a28dcd6a531a3d6a2da2ba9ff4b890b46cf,"original scan, pristine; margin of Paris 5e act 197: Leon Jules Garson married Marie Marthe Therese Rollet 21 Aug 1920 at Epineuil (Cher); died 31 Aug 1980 at Lagny-sur-Marne, recorded 4 Sep 1980",European lane Paris sweep
02-Warszawski/03-Archive-records/Garson-Armandine-acte-3741-Paris14e-1893.jpg,214122,ea027a312c6eaf682c682b7c0a657867eb3b19d1348635d06c84285da1e9c6ca,"original scan, pristine; Paris 14e birth act 3741 (19 Jun 1893): Armandine Garson b. 18 Jun 1893, daughter of Auguste Garson (~28, employe, recognized at registration) x Francoise Armandine Goujot (~23, blanchisseuse); register V4E 9609",European lane Paris sweep
02-Warszawski/03-Archive-records/Garson-Armandine-acte-3741-Paris14e-1893-zoom2.jpg,155481,7ae182e03c889b96601d54e6c2fa6afa5bb5ddb1fee7247cc69a1584dabb4716,"original scan, pristine; zoom crop of Paris 14e act 3741 (parents' names and occupations)",European lane Paris sweep
02-Warszawski/03-Archive-records/Garson-Armandine-acte-3741-Paris14e-1893-zoom3.jpg,161550,bb150b36ede9aed82ac5000de98e22039bc0b03aac90b9134f543ec375caba8f,"original scan, pristine; zoom crop of Paris 14e act 3741 (declaration and witnesses Arthur Goujot, Ernest Pestelle)",European lane Paris sweep
02-Warszawski/03-Archive-records/Garson-Armandine-acte-3741-Paris14e-1893-signatures.jpg,64348,87479fc19154b31e7667e93d6172f113b1c8c05f3bd5166dee7c2864692ae300,"original scan, pristine; signatures crop of Paris 14e act 3741 (A Garson, Goujot, E Pestelle)",European lane Paris sweep
02-Warszawski/03-Archive-records/Garson-table-V4E9609-Armandine-3741.jpg,150236,f2db78c85597f86ba6ce4bcaa9006ba03d1741bfcaed8841ad7e87cc3c9d3475,"original scan, pristine; register-end alphabetical table of V4E 9609 (14e, 1893): 'Garson Armandine 3741' - the entry that located the act; also 'GAUDEAU Maurice 3520' handstamped-surname curiosity",European lane Paris sweep
02-Warszawski/02-Tree-and-data/warszawski-family-tree-v1.16.json,247435,ff4f16cde66e6d0ed8e4d8039c038220cf2d59261b1b66cc08bdff07f0341375,"working tree data v1.16: Paris sweep complete - all six Garson births + five households (56 people, 85 sources); name conflict kept visible; inferred branch, not merged",European lane Paris sweep
02-Warszawski/03-Archive-records/Garson-table-06e-Auguste-17aout1864.jpg,91803,def085a4bf1a7f324f2cb72e8e9c72421272e3b6cb05b972e66340d26ccac889,"original scan, pristine; 6e decennial table (D1M9 15): 'Garson auguste, 17 aout 1864' - strong candidate for Armandine's father Auguste; inference until the 6e act is pulled",European lane Paris sweep block 10
02-Warszawski/03-Archive-records/Garson-table-17e-CesarJphLsGque-30mars1868.jpg,53926,2ad76a2e884a88065e0cfb5615a973e2062e03d31f0ed7c0a701e01c5f255e73,"original scan, pristine; 17e decennial table (D1M9 46): 'Garson Cesar Jph Ls Gque, 30 mars 1868' - new era Garson, act pull queued",European lane Paris sweep block 10
02-Warszawski/03-Archive-records/Garson-table-14e-FlorentEmile-14avril1869.jpg,311507,874cd543874aee8bfdfe298a4f91e762367cd15812e0db3924e30d6927cc00e1,"original scan, pristine; 14e decennial table (D1M9 39): 'Garson florent Emile, 14 avril 1869' - new era Garson, act pull queued",European lane Paris sweep block 10
02-Warszawski/03-Archive-records/Viennot-MauriceAndre-acte-3520-legitimation-Gaudeau-closure.jpg,382782,3de9cd8ab6429cb0c6e323cec68e6fa4346c52014329c61b32769a5a85d9c4de,"original scan, pristine; closure of the GAUDEAU-stamp curiosity: act 3520 is VIENNOT Maurice Andre, legitimized by his parents' 1898 marriage (Ernest Flori GAUDEAU x Marie Elise VIENNOT) - no Garson link",European lane Paris sweep block 10
02-Warszawski/03-Archive-records/Garson-table-05e-ambiguous-Garsas-Garsan-augJules-1869.jpg,55226,5a9903674195f9e9f078f263375396490b3233174b2e61c3e8e78f82ac8ebba3,"original scan, pristine; 5e decennial table: ambiguous 'Garsas/Garsan aug. Jules 1869' row - low confidence, deprioritized",European lane Paris sweep block 10
02-Warszawski/03-Archive-records/Garson-Auguste-acte-2022-Paris06e-1864.jpg,180874,1ec932505401627241df62469ece68038ee9b9c85f1f9a48ab6cb4cfef8590b5,"original scan, pristine; Paris 6e birth act 2022 (17 Aug 1864): Auguste Garson b. 15 Aug 1864, rue du Four St Germain; parents Antoine Joseph Garson (controleur d'omnibus, ~32) x Caroline Valentine Lampriere; register V4E 680 pos 18",European lane Paris sweep block 11
02-Warszawski/03-Archive-records/Garson-Auguste-acte-2022-Paris06e-1864-parents.jpg,128184,4139c9b661849a984ae80308312abe6e6fe29e70ff12403b221c1be005b5a8f0,"original scan, pristine; parents zoom of Paris 6e act 2022 (Antoine Joseph Garson x Caroline Valentine Lampriere, married 5e mairie 1860)",European lane Paris sweep block 11
02-Warszawski/03-Archive-records/Garson-Cesar-acte-734-Paris17e-1868.jpg,164540,6134e215176078059db90ed474684524620f62c2f7133ae2b97ae870ef5689c8,"original scan, pristine; Paris 17e birth act 734 (30 Mar 1868): Cesar Joseph Louis Gustave Garson b. 28 Mar, fils legitime of Antoine Joseph Garson (~35, employe) x Cesarine Antoinette Clairat - Auguste's half-brother (second wife); register V4E 2053 pos 8",European lane Paris sweep block 11
02-Warszawski/03-Archive-records/Garson-FlorentEmile-acte-1115-Paris14e-1869.jpg,190431,c0fe45105a0ecc3f2464f97705bad3ceafdb21f9bbd6ad7b505f980a35d30fdd,"original scan, pristine; Paris 14e birth act 1115 (14 Apr 1869): Florent Emile Garson, fils naturel of Emile Leonard Garson (peintre, ~23) x Louise Gauthier (couturiere, ~21), non maries, rue de Vanves; register V4E 1786 pos 27",European lane Paris sweep block 11
02-Warszawski/03-Archive-records/Garson-FlorentEmile-acte-1115-Paris14e-1869-margin.jpg,129315,8667c19830f531721d3e265c8cb427cffbf10a8a8ddefa1eefbf847e8043a6b4,"original scan, pristine; margin zoom of Paris 14e act 1115: two registration-tax receipts (8 Sep 1874, 24 Jun 1890) - 20-year paper trail; underlying acts to chase",European lane Paris sweep block 11
02-Warszawski/03-Archive-records/Garson-Eugene-fils-acte-10-Tigery-1851.jpg,458440,dbdad0d7ab1302e38c4eff97bbb96115ad8295e29c91424e3be3d593ab809f92,"original scan, pristine; Tigery (AD91) birth act 10 of 1851 (30 Sep): Eugene Garson fils, fils legitime of Eugene Garson (38, manouvrier) x Virginie Gouillard (32); register 1837-1853 ark jdfp1zg34b7t p156",European lane AD91 block 28
02-Warszawski/03-Archive-records/Garson-Eugenie-x-Rousseau-acte-18-Tigery-1849.jpg,417247,6bd2e1fe3340f599b8478d36af70bb56e8cb8fdf75199ad1f621eedfcd278252,"original scan, pristine; Tigery (AD91) marriage act 18 (6 Oct 1849): Eugenie Garson (21, b. Tigery 29 Oct 1828, daughter of Lamoureux Desire Garson x defunte Marie Francoise Zoe Vallois) x Jean Charles Rousseau; register p139-140",European lane AD91 block 28
02-Warszawski/03-Archive-records/Garson-Eugenie-x-Rousseau-acte-18-Tigery-1849-witnesses.jpg,372183,efb11d5912a3d65e5f7aecf23293b93ba5c4ec71a45a6fe6317041936173f555,"original scan, pristine; witness band of Tigery act 18 (1849): Ferdinand Garson (51, manouvrier, 'oncle de la future' = Desire's stated brother) and Pierre Daniel Sauvage (67, Lieusaint) - links Barbe Belle Sauvage",European lane AD91 block 28
02-Warszawski/03-Archive-records/Garson-Louise-acte-5-Tigery-1852.jpg,328426,8fea03c5a63ee962826c8f0c19dce34a455753f8a80b848fdb12a92910e07597,"original scan, pristine; Tigery (AD91) birth act 5 of 1852 (28 Sep): Louise Garson b. 27 Sep, fille legitime of Jacques Louis Garson (36, manouvrier, cannot sign) x Adele Albert (29); register p162 (lane filename misnomer: 'eugene-birth-band1' is Louise's act)",European lane AD91 block 28
02-Warszawski/03-Archive-records/Garson-Ferdinand-signature-1842-Tigery.jpg,99156,dc37255920aaa3d6c4d0a232a8f7445de30ac2f73d30eab3cbe8e4921bcc1187,"original scan, pristine; Ferdinand Garson's own signature 'f garson' as 1842 witness (register p60) - the eldest-generation anchor",European lane AD91 block 28
02-Warszawski/03-Archive-records/Garson-DesireLamoureux-deces-extrait-Tigery-N1-1851.jpg,419843,5437fc663480332ae7409dc19240b046af09dbc3ec5013775ef3983bbe35ae7a,"original scan, pristine; Tigery (AD91) act N1/1851 (p153): transcribed Paris 5e death extract - Desire Lamoureux Garson d. 16 Feb 1850, rue Bichat 24, age 48, journalier, b. Tigery; widow 'Hippolyte Sauvage' 41",European lane AD91 block 29
02-Warszawski/03-Archive-records/Garson-MarieFrancoiseJulienne-deces-acte-14-Tigery-1851.jpg,436506,03923079b751d894aa66fbe5bcf8791d4c24abb70f276dfb3325c40d11e777b8,"original scan, pristine; Tigery (AD91) death act N14/1851 (p158): Marie Francoise Julienne Garson d. 13 Nov 1851, age 72, b. Tigery 10 May 1779, daughter of JACQUES DESIRE GARSON x MARIE ELISABETH GAUTHIER - generation-0 anchor; wife of Charles Mathurin Poytroncaut",European lane AD91 block 29
02-Warszawski/03-Archive-records/Garson-LouiseZoe-x-Lahire-acte-4-Tigery-1843.jpg,353637,e925f7bc7c6ae33ac5e02d4318b3ac59727ade72b57fe1ba4ac32212417dddc2,"original scan, pristine; Tigery (AD91) marriage act N4/1843 (p70, 18 Feb 1843): Barthelemy Lahire x Louise Zoe Garson (b. Etiolles 25 Jan 1826), daughter of Desire Lamoureux Garson x Marie Francoise Zoe Vallois",European lane AD91 block 29
02-Warszawski/03-Archive-records/Garson-Napoleon-acte-11-Tigery-1854.jpg,203093,4c2cc8a0deea5d4b734e73321c2b134057dc58771355ee616cb7fb2be69a6ad0,"original scan, pristine; Tigery (AD91) birth act N11/1854 (register 1854-72, p04): Napoleon Garson b. 3 Dec 1854, son of Eugene Garson (41, signs) x Virginie Gouillard (35)",European lane AD91 block 29
02-Warszawski/03-Archive-records/Poytreneaut-CharlesMathurin-deces-acte-12-Tigery-1854.jpg,177628,89c2d043beabc3b9b7c8acd01b56a4a031fddf14a7b639f6bbb306cc638e3e8f,"original scan, pristine; Tigery (AD91) death act N12/1854 (p04): Charles Mathurin Poytreneaut d. 17 Dec 1854, widower of Marie Julienne Garson; witness Eugene Garson 'ami du defunt'",European lane AD91 block 29
01-Chaikin/04-Archive-records/Swedish-research/Stockholm-Riksarkivet-permission-application-SE-RA-730128-submitted-2026-09-28.docx,69037,2c3b00060cf077abfcdff943292e5202881fd35b8ab12d8a2ae9c008d430326a,"Filled Riksarkivet permission application submitted 6:16 AM EDT (submission 3a148937; 1949-51 Stockholm registration cards for Meir Chaim Chaikin, Cyla Zobina, Zalman and Efroim, SE/RA/730128); Drive file 1vljjW2kL_HbUolEe_76JWqHYrWKBTVSs in new Swedish-research subfolder 1LBAzbydQ6JHk5Y3zJB0FykUvr8MkyBvh",riksarkivet application
01-Chaikin/04-Archive-records/JDC-Ezras-Torah-Fund-1948-list-Rabbi-A-Kahanov.pdf,511576,1d5146d5cd4e59607a568c320adb49c45ce1ee05c3f7671d6bfc3ad088475790,"original scan, pristine; JDC Ezras Torah Fund 1948 roster of refugee rabbis and scholars, p.24 naming Rabbi A Kahanov (entry 38)",dig lane JDC
01-Chaikin/04-Archive-records/JDC-Archives-Copenhagen-letter-Rabbi-Chaikin-1962-06-25.pdf,782113,4418933f5e66f03e770211ead36ecc9f967481ad9e1283c9aa22c347b8b3e59e,"original scan, pristine; JDC Archives: Den Skandinavisk-Jodiske Hojskole letter to the Conference on Jewish Material Claims, June 25 1962, $12,000 camp-house grant, signed Rabbi I. Chaikin",dig lane JDC
02-Warszawski/03-Archive-records/Garson-AdeleAugustine-x-Bonte-acte19-Tigery-1866-p1.jpg,251820,7b7b5975f7d2b21de36e77a893b0efb2ac9d384c5a0d3667f6a2b493c8195d6f,"original scan, pristine; Tigery marriage act 19 (25 Jun 1866) p1: Dominique Gabriel Bonte x Adele Augustine Garson (b. Fontenay-le-Vicomte 12 Sep 1845)",European lane AD91 block 31
02-Warszawski/03-Archive-records/Garson-AdeleAugustine-x-Bonte-acte19-Tigery-1866-p2.jpg,222150,ccb10bf1713563e13047aa48b645fffc8ec844e761f6211f87d13a1cc9024470,"original scan, pristine; Tigery marriage act 19 (1866) p2: parents Jacques Louis Garson x Adele Augustine Albert, publications Fouju and Tigery",European lane AD91 block 31
02-Warszawski/03-Archive-records/Garson-AugustineAline-x-Goudot-mariage-Tigery.jpg,234470,56a63603432136d9f5233dbdaf1aea6f39d39448ed44d9b22be46ba55b75f5b1,"original scan, pristine; Tigery marriage act: Gregoire Goudot x Augustine Aline Garson (b. Lisses 5 Jun 1843), natural recognized daughter of Jacques Louis Garson x Adele Augustine Albert",European lane AD91 block 31
02-Warszawski/03-Archive-records/Garson-Louise-x-Forret-acte14-Tigery-1859.jpg,265867,fac1b5d2734e9c50202943f1c88d74b4b44e998220c94e35dd51822d75280165,"original scan, pristine; Tigery marriage act 14 (2 Jul 1859): Antoine Auguste Forret x Louise Garson (b. Tigery 27 Aug 1837), daughter of defunt Desire Lamoureux Garson x Barbe Hyppolite Julie Sauvage - widow-name conflict resolved",European lane AD91 block 31
02-Warszawski/03-Archive-records/Garson-table-alphabetique-Tigery-1870-Edmond.jpg,428364,80c2dce326c0cf43c3a679d97f64ba1a4a04ecf74e072e42c13279f24856d35b,"original scan, pristine; Tigery table alphabetique 1870: Naissances Garson Edmond act 15 (8 Novembre) - Edmond birth 8 Nov 1870 verified",European lane AD91 block 31
02-Warszawski/04-Research-notes/research-note-2026-09-28-warszawski-tigery-block31.md,2874,a6c6328c91673e11577a0487c2bdadd63e8e99886b7d85f9e6491f34662ea672,"integration note European lane AD91 block 31 (Bonte/Goudot/Forret acts, Louise Garson b.1837, widow resolved, Edmond verified; tree integration HELD)",European lane AD91 block 31
02-Warszawski/03-Archive-records/Garson-AdeleAugustine-naissance-acte10-FontenayleVicomte-1845.jpg,271909,cb2679bf4e6d96b78d7b8e3570c9ac51210294050d03361e4a7f1ec827a0a62f,"original scan, pristine; Fontenay-le-Vicomte (AD91) birth act 10/1845: Adele Augustine Garson, act 13 Sep 1845, born hier 9pm = 12 Sep (matches 1866 marriage act)",European lane AD91 block 32
02-Warszawski/03-Archive-records/Garson-LouisJacques-naissance-acte11-FontenayleVicomte-1847.jpg,254315,c32ea37610dd9ef4c4d7de37cd2170f82cb1b9a29f06d5052960e76650b7ebea,"original scan, pristine; Fontenay-le-Vicomte birth act 11/1847: Louis Jacques Garson b. 26 Aug 1847, son of Jacques Louis Garson x Adele Augustine Albert",European lane AD91 block 32
02-Warszawski/03-Archive-records/Garson-Adele-deces-acte16-FontenayleVicomte-1850.jpg,302670,4e9332b7a789c4694cd75831acad54594b14c97978d1b2c13e1c9c30b5a26093,"original scan, pristine; Fontenay-le-Vicomte death act 16/1850: Adele Garson d. 2 Aug 1850 age 1; witness Charles Albert aieul de l'enfant du cote maternel - maternal grandfather named",European lane AD91 block 32
02-Warszawski/03-Archive-records/Garson-AdeleMarie-deces-acte15-FontenayleVicomte-1851.jpg,396415,109f37076722b308cc1212e9bfbb7c13806e82767264b632c62dd8d88cb22a31,"original scan, pristine; Fontenay-le-Vicomte death act 15/1851: Adele Marie Garson, 8 days; header reads quatorze Aout (14 Aug) - lane read 15, conflict kept visible",European lane AD91 block 32
02-Warszawski/03-Archive-records/Garson-table-FontenayleVicomte-4rows-1845-1851.jpg,72067,237f90134958c852dbd8b5757a7b9226667c92a405b74f78b32331d5d6f11284,"original scan, pristine; Fontenay-le-Vicomte table decennale: 4 Garson rows (Adele Augustine 1845, Louis Jacques 1847, Adele 1849, Adele Marie 1851)",European lane AD91 block 32
02-Warszawski/04-Research-notes/research-note-2026-09-28-warszawski-fontenay-block32.md,2962,262ae11cca24e5dc1791f8b25575b5e76e3cbf332d95928247bfa1db3ef05cc1,"integration note European lane AD91 block 32 (Fontenay complete: 4 births, 2 infant deaths, Charles Albert maternal grandfather; tree integration HELD)",European lane AD91 block 32
02-Warszawski/03-Archive-records/Garson-Albert-AugustineAline-naissance-acte13-Lisses-1843-top.jpg,284304,1aff4bca8d0b118d46d5e9cb4c04ae9607da341674175f9695f49f34d5b621a2,"original scan, pristine; Lisses (AD91) birth act 13/1843 (top): Augustine Aline ALBERT b. 9 Jun 1843, fille naturelle of Augustine Adele Albert (20) x pere inconnu, at home of grandfather Jean Charles Albert",European lane AD91 block 33
02-Warszawski/03-Archive-records/Garson-Albert-AugustineAline-naissance-acte13-Lisses-1843-bot.jpg,254289,86d627ff66c4b44c398878cddfb8256de68bf3d1fe6144a1eca7a9c87f57fc0d,"original scan, pristine; Lisses birth act 13/1843 (bottom, signatures; catches next act 14 Billon on same page)",European lane AD91 block 33
02-Warszawski/03-Archive-records/Garson-Albert-AugustineAline-naissance-acte13-Lisses-1843-margin.jpg,500272,035ec21326bc5d8945dbe151ff00bf37ca085f0ecad29af90a2e3152dbab6e4b,"original scan, pristine; margin annotations on act 13/1843: recognized 4 Sep 1843, legitimated by Garson x Albert marriage Oct 1843 (commune word unresolved, NOT Lisses)",European lane AD91 block 33
02-Warszawski/03-Archive-records/Garson-Albert-AugustineAline-naissance-acte13-Lisses-1843-margin-zoom.jpg,140065,d84c8a9b4e31716b6f5cb2928eb03f2f314d4052c1e1c26daa9de3267cded0b4,"original scan, pristine; zoom of legitimation margin note on act 13/1843",European lane AD91 block 33
02-Warszawski/03-Archive-records/Garson-Albert-AugustineAline-Lisses-TD5-row.jpg,37563,161925b283220a52e10d74e11bd690cc9a1bde03bd62cfef4bf8e41271bf4381,"original scan, pristine; Lisses TD5 row 'Garcon Augustine Aline - 6 juin 1843' (TD date conflicts with act's 9 June; act governs)",European lane AD91 block 33
02-Warszawski/04-Research-notes/research-note-2026-09-28-warszawski-lisses-block33.md,2881,657da20efa1e408ab2c134112b779270d3adf7efe5f8e7217390df81b40c193a,"integration note European lane AD91 block 33 (Lisses: Augustine Aline birth act, Charles Albert = Jean Charles Albert, Emile Leonard not born Lisses; tree integration HELD)",European lane AD91 block 33
02-Warszawski/03-Archive-records/Garson-Augustine-naissance-acte17-Tigery-1843.jpg,207655,2cb925d686083297f44a0c9b9e9956c39b1aa096d5c0823a30b8f974185271c4,"original scan, pristine; Tigery (AD91) birth act 17/1843: Augustine Garson b. 25 Sep 1843, legitime daughter of Desire Lamoureux Garson (illiterate) x Barbe Julie Sauvage; uncle Ferdinand witness",European lane AD91 block 34
02-Warszawski/03-Archive-records/Tigery-TD-mariages-Lahire-Garson-1843.jpg,174487,d5b04620d2136bb31d08d05bb00e971a7bfc7071031213269d2846377c586824,"original scan, pristine; Tigery TD mariages: Lahire Barthelemy x Garson Louise Zoe, 18 fevrier 1843 (matches act N4/1843)",European lane AD91 block 34
02-Warszawski/03-Archive-records/Tigery-TD-deces-G-1843-1853.jpg,210423,afb50895a44c3ab0074391f7f1d64c5a05deffd208b264078b5fe80c512136df,"original scan, pristine; Tigery TD deces: Garcon Desire Lamoureux 1er mars 1851 (conflicts with Paris 5e 16 Feb 1850 attribution - SUSPECT), Garson Marie Francoise Julienne 13 nov 1851, Garson Adele 19 aout 1850",European lane AD91 block 34
02-Warszawski/03-Archive-records/Tigery-TD-naissances-G-1843-1853.jpg,235194,d0a81573cb04f8b8aff03dc04d91594cfdd81f0daf44cf2854da3968246c3723,"original scan, pristine; Tigery TD naissances: Garcon Augustine 26 septembre 1843 (act says 25 Sep - conflict kept) + Adeline 1847, Adele 1849, Eugene 1851, Louise 1852 (TD-only)",European lane AD91 block 34
02-Warszawski/03-Archive-records/Garson-temoin-JacquesDesire-Grevois-1843.jpg,79855,54484e7f36646258ccda522008bae5287c7cff85a96a87d267b02e7a64c720e6,"original scan, pristine; Dec 1843 act witness: Jacques Desire, journalier, 53, Grevois, Commune de Saint Germain - possible Gen0 sighting, INFERENCE only",European lane AD91 block 34
02-Warszawski/04-Research-notes/research-note-2026-09-28-warszawski-tigery-block34.md,3115,6b790dbb7877ab8e86be8047e30f6652003a0f15f61d4025078d44a41c194e75,"integration note European lane AD91 block 34 (Augustine Garson b.1843 act, Desire death conflict Tigery vs Paris, TD defects; tree integration HELD)",European lane AD91 block 34
02-Warszawski/03-Archive-records/Garson-DesireLamoureux-deces-Paris5e-1850-transcription-Tigery.jpg,218206,272d79ddeebae259f6fdd8b7ef439859205d9333f312751770f2c5069ea6b3ec,"original scan, pristine; Paris 5e death extract (registre 168 N368) transcribed into Tigery 1851 register: Desire Lamoureux Garson d. rue Bichat N29, 16 Feb 1850, age 48, b. Tigery - resolves the TD 1 Mar 1851 conflict (transcription date)",European lane AD91 block 35
02-Warszawski/03-Archive-records/Garson-MarieFrancoiseJulienne-deces-acte14-Tigery-1851.jpg,208469,7693d20f57a36ec550ae0fd7a52cd57c07538fdecb97b53b533dfcc8f086f51e,"original scan, pristine; Tigery death act 14/1851: Marie Francoise Julienne Garson (b. Tigery 10 May 1779), wife of Charles Mathurin Poytronaut; establishes Gen0 Jacques Desire Garson x Marie Elisabeth Gauthier both d. Tigery; nephew Benjamin Bauvillard",European lane AD91 block 35
02-Warszawski/03-Archive-records/Garson-Louise-naissance-acte15-Tigery-1852.jpg,182102,1f5a759fe806d4c7b34f6ba3d19dcb424cb77a95cbe318e3a99cbfefd20d400f,"original scan, pristine; Tigery birth act 15/1852: Louise Garson b. 19 Aug 1852, fille legitime of Jacques Louis Garson (illiterate) x Adele Albert; witnesses Ferdinand Garson + Louis Antoine Sauvage",European lane AD91 block 35
02-Warszawski/03-Archive-records/Garson-Adele-naissance-acte22-Tigery-1849.jpg,225175,765bc5e9e6fe4fdbae292c24f7ee8da2a441c957b2c02ab892d805e24878b3fb,"original scan, pristine; Tigery birth act 22/1849: Adele Garson b. 28 Dec 1849, fille legitime of Desire Lamoureux Garson x Hippolyte Barbe Sauvage; uncle Ferdinand declares",European lane AD91 block 35
02-Warszawski/03-Archive-records/Garson-Adele-deces-acte19-Tigery-1850.jpg,200076,6ad33cf234c27df1154e09b841aa019b0d291bb7263895f5c2856c8d7ea2e417,"original scan, pristine; Tigery death act 19/1850: Adele Garson, 9 months, d. 19 Aug 1850, daughter of the late Desire Garson (d. Paris) x Hippolyte Barbe Sauvage - DIFFERENT Adele from the Fontenay one (block 32)",European lane AD91 block 35
02-Warszawski/04-Research-notes/research-note-2026-09-28-warszawski-tigery-block35.md,4577,50f64f2bf141e412b9117b6e58bebdee1f5d56c4de1044b4fc5eae94231ca12c,integration note European lane AD91 block 35 (Desire death conflict RESOLVED Paris 5e 16 Feb 1850; Gen0 Jacques Desire Garson x Marie Elisabeth Gauthier d. Tigery; two Adeles correction; tree integration HELD),European lane AD91 block 35
01-Chaikin/04-Archive-records/Bacher-IsaacLeon-Issy-gravestone-E-5B-jhbchev.jpg,363522,a8e28a84a70ddfd74a0b1911ce665575ea35448f49074c929cc7f7e5301c1c47,"original scan, pristine; Johannesburg Chevra Kadisha gravestone: Issy (Isaac Leon) Bacher, d. 27 Aug 1995, Block E-5B - Koppel's brother, previously unknown",Bacher lane block 8 (jhbchev)
01-Chaikin/04-Archive-records/Bacher-Alon-gravestone-E-9B-jhbchev.jpg,353785,8788f7436731eed3760e0546b9eac504fd1f3b3a998693e07069643ddf31be25,"original scan, pristine; jhbchev gravestone: Alon Bacher, d. 11 Jun 2000, Block E-9B - Issy's son",Bacher lane block 8 (jhbchev)
01-Chaikin/04-Archive-records/Bacher-Sore-SoraEtaChai-gravestone-E-283-jhbchev.jpg,329904,9a42d4fb7e730be2668ee810ebfbd0481e60e5c9d9609262a17be55770b59186,"original scan, pristine; jhbchev gravestone: Sore (Sora Eta Chai) Bacher, d. 28 Aug 1943, Block E-283 - namesake hypothesis UNVERIFIED",Bacher lane block 8 (jhbchev)
01-Chaikin/04-Archive-records/Bacher-Yudel-gravestone-P-36C-jhbchev.jpg,191386,df857c5a40e2ba25b90e846291e40d33f8fc41936072cb0f8a6e37ff1e9e075a,"original scan, pristine; jhbchev gravestone: Yudel Bacher (1938-2019), Block P-36C",Bacher lane block 8 (jhbchev)
01-Chaikin/04-Archive-records/Bacher-Rose-gravestone-P-44B-jhbchev.jpg,194445,98c5b1cf7eb2ee2a056cf4a79dba7437cd048f9b40f8e3a8a5039fab3e5ab40e,"original scan, pristine; jhbchev gravestone: Rose Bacher, d. 30 Jun 1991, Block P-44B - Yudel's-wife hypothesis UNVERIFIED",Bacher lane block 8 (jhbchev)
01-Chaikin/04-Archive-records/Bacher-Koppel-d1974-gravestone-T-577-jhbchev.jpg,309907,0d1f259f45d40d2864531ae9832d2e12dd3161df53c3005c4e38a4a508fbb27c,"original scan, pristine; jhbchev gravestone: Koppel Bacher d. 14 Nov 1974, Block T-577 - cousin branch, distinct from Rabbi Koppel (1941-2024)",Bacher lane block 8 (jhbchev)
01-Chaikin/04-Archive-records/jhbchev-search-bacher-raw-2026-09-28.json,6011,6960ef0028d8e9b5d31c336134e9ac3d37bc51d1855612f90ef5d15333521fd6,"raw Johannesburg Chevra Kadisha grave-database query JSON (12 Bacher rows), pulled 2026-09-28",Bacher lane block 8 (jhbchev)
01-Chaikin/05-Research-notes/research-note-2026-09-28-chaikin-bacher-block8.md,3414,42450a8eea23a7b4bef071979d9b29b6e8a69f3ce2a29e228ae5879232a23a20,integration note Bacher lane block 8 (jhbchev grave database; tree v1.20 integrated),Bacher lane block 8 (jhbchev)
01-Chaikin/05-Research-notes/research-note-2026-09-28-chaikin-laneA-igros-blockA.md,1684,fc01857375293b383272f0416e8b5ff9b75aa7f9fa3dcb3735f7d21efa851452,integration note Lane A block A (Igros Kodesh: 5 Rebbe letters to Meir Chaim Chaikin; Eliyahu Shmuel Kahanov survived to 1949 Sweden; tree integration queued),Lane A block A (Igros Kodesh)
01-Chaikin/05-Research-notes/research-note-2026-09-28-chaikin-laneA-azriel-blockB1.md,1862,b26b4e9f3a1acb848ecef00c07fab31a0a075b572dd37d99aca631ae3d6bc3aa,integration note Lane A block B part 1 (Azriel letters 5716-5721; corrects block-A garbled numbers),Lane A block B part 1 (Igros)
01-Chaikin/04-Archive-records/MeirChaim-Chaikin-portrait-chabadorg-2019.jpg,60634,4e501485cefb622890528bc01de131ecf363cd3bf25a92d80c009e22cc44a1a1,"hi-res Meir Chaim Chaikin portrait, chabad.org Margolin article July 2019 (credit Chabad.org); likely the chabadpedia crop source",Lane A block B part 2 (Margolin chabad.org)
01-Chaikin/04-Archive-records/Azriel-Chaikin-portrait-today-chabadorg-2019.jpg,64230,5abe57e2bf29bb5143f61b24d061b474a6e2a17a7d4c3f62af98e5516415c986,"Azriel Chaikin portrait (today), chabad.org Margolin article 2019 (credit Chabad.org)",Lane A block B part 2 (Margolin chabad.org)
01-Chaikin/04-Archive-records/Rayatz-secret-portrait-Chaikin-family-album-chabadorg.jpg,56278,7a1947e1086bcf155ad770666ebd0bb74ed5f3971d0a4e1b3421d0699122c604,"THE smuggled Rayatz portrait from the Chaikin family album; crossed Latvian border mid-1930s, smuggled out 1946 (credit Chabad.org)",Lane A block B part 2 (Margolin chabad.org)
01-Chaikin/04-Archive-records/Rayatz-Latvian-passport-1934-chabadorg.jpeg,47029,3c34b5ce9106feccb5f24db19fa6a583ec9af416306f06893a88be2b61c01c38,"Rayatz 1934 Latvian passport MA N 023331, signed Joseph Schneersohn (credit Chabad.org)",Lane A block B part 2 (Margolin chabad.org)
01-Chaikin/04-Archive-records/Sachkhere-synagogue-c1929-Kunstkamera.jpg,38347,02b635e70c02a87bfcf94e611fe03f94007f0bfa5e3b37f078c4921721c2bed2,"Sachkhere synagogue c.1929, Kunstkamera collection via chabad.org",Lane A block B part 2 (Margolin chabad.org)
01-Chaikin/05-Research-notes/research-note-2026-09-28-chaikin-laneA-margolin-blockB2.md,2814,8fae22aa958eeeedcc7da164a7031cff193af7521100bc025e17d6f0cf741b31,"integration note Lane A block B part 2 (Margolin chabad.org 2019 article, 5 images, NKVD verbatim, Zuber, Zestafoni birth; Igros wrap 14/5075, 15/5328, 13/4273)",Lane A block B part 2 (Margolin chabad.org)
01-Chaikin/04-Archive-records/bacher-lane-block9-jewishgen.zip,138517,1540221a3565d772ab7da6539c70abb722b347592a40127397cfc0ebd3627016,"Bacher lane block 9 raw captures: JewishGen Lithuania searches + JGFF researcher lists (Rokiskis zero-hit proofs, RUCH/Rokiskis 4 researchers, 26 Bacher researchers)",Bacher lane block 9 (JewishGen)
01-Chaikin/05-Research-notes/RESEARCH-NOTE-bacher-block9-jewishgen.md,1401,74104bcae9954f7d0cbd00fc4d99ebe5dedb6a61bbf89d112b5215e9064cd190,integration note Bacher lane block 9 (JewishGen Rokiskis zero-hit; LitvakSIG ALD next; JGFF RUCH/Rokiskis researchers; Selma Hebrew-name variants Sima Ronya bat Shlomo vs Sima Rania bas Shlomo),Bacher lane block 9 (JewishGen)
01-Chaikin/The-Chaikins-family-edition-v7.pdf,7574381,1cbc7c3c8ae27dc9b3025b078e9de22ce79565008fb2cdad6258721123b8c4c8,"The Chaikins - family edition v7 (128pp; footnotes/records-consulted edition). FILENAME CORRECTION Sep 28 9:51 PM EDT: this Drive file held v7 content under the v6 name (v7 had updated the v6 file in place); renamed to match content. No separate v6 backup exists on Drive; v5-backup remains the pre-v6 copy",book v7
01-Chaikin/04-Archive-records/bacher-lane-block10-goldman.zip,29560,5ad826c32dc169b75a0efadd2150f144330b1354666feede42743234ba41e344,"Bacher lane block 10 raw captures: Goldman line (COLlive/anash obits, SAJR Nach tribute, Selma portrait)",Bacher lane block 10 (Goldman)
01-Chaikin/04-Archive-records/Selma-Bacher-portrait-COLlive-2021.jpg,26135,b30564f337840ca4129376028f39c9ad8c478719a8dc8f96493692fdfc697ac5,"Selma Bacher portrait, COLlive 2021",Bacher lane block 10 (Goldman)
01-Chaikin/05-Research-notes/RESEARCH-NOTE-bacher-block10-goldman.md,1610,c1db7cf13ce4c743e7c6942b549c7a523d493e4d31f424deda42ad177a963de6,integration note Bacher lane block 10 (Goldman line; tree v1.22),Bacher lane block 10 (Goldman)
01-Chaikin/04-Archive-records/bacher-lane-block10b-goldman.zip,5463,90827483c2d4533e6c86cc1b9a2b42bd2cdfbd13f598345ddfb64e9d0fa3abeb,"Bacher lane block 10b raw captures: VINnews shiva notice detail, Shimon Goldman NEGATIVE",Bacher lane block 10b (Goldman)
01-Chaikin/05-Research-notes/RESEARCH-NOTE-bacher-block10b-goldman.md,1081,f1acd525883316ac7bdae10dc5865c134635a1a9a58bf489af727c1f86eb0f33,integration note Bacher lane block 10b (Goldman sibling detail; tree v1.23),Bacher lane block 10b (Goldman)
02-Warszawski/03-Archive-records/b36-jd2-death-1838.png,973100,ebeb1b19e30992f8f221636909062b53f3d6a6ad0781bd8bbcb4287afc8c148a,Tigery 1837-53 register crop (archives.essonne.fr ark:/28047/jdfp1zg34b7t),Paris lane block 36 (Tigery)
02-Warszawski/03-Archive-records/b36-theodore-marriage-1838.png,970975,5dea8d94342f125bf811deea74f196f956db1d613c9114066e35420db3f6fb28,Tigery 1837-53 register crop (archives.essonne.fr ark:/28047/jdfp1zg34b7t),Paris lane block 36 (Tigery)
02-Warszawski/03-Archive-records/b36-marquignon-fournier-garson-1842.png,1205035,ada95f19f0ace42f77715131f9859c9a4bf00b4ade6ea09152b05afb106163d1,Tigery 1837-53 register crop (archives.essonne.fr ark:/28047/jdfp1zg34b7t),Paris lane block 36 (Tigery)
02-Warszawski/03-Archive-records/b36-hippolyte-death-1842.png,802211,178e5a3e12fbaef017c8f800dfb9d920f77b4c0fbf9a6ee98c49a6247a164e33,Tigery 1837-53 register crop (archives.essonne.fr ark:/28047/jdfp1zg34b7t),Paris lane block 36 (Tigery)
02-Warszawski/03-Archive-records/b36-ernest-birth-1841.png,1067099,0923a0e63f54c0cb408b6b63868b744dd8ca7be2aea7550f23d7baccc3a67601,Tigery 1837-53 register crop (archives.essonne.fr ark:/28047/jdfp1zg34b7t),Paris lane block 36 (Tigery)
02-Warszawski/04-Research-notes/RESEARCH-NOTE-warszawski-tigery1837-53-block36.md,2272,9153b73cea8a24b64acae0ba05ad2c56b432a4be7f5cc199d328c6a0ea96fcaa,integration note Paris lane block 36 (Tigery 1837-53; tree integration HELD - Garson backbone),Paris lane block 36 (Tigery)
01-Chaikin/04-Archive-records/teshura-rivkin-klyne-p9-Rebbe-letter-MC-LagBaOmer5708.jpg,126372,c25229e71e48d26df50bf3f787a9882f6e6ed176c0a6c90b4acb900325a12273,"Teshura p9: signed facsimile, Rebbe letter to R' Meir Chaim Chaikin, Lag BaOmer 5708, Montreal stamp (timeline conflict visible)",Lane A block C (teshura)
01-Chaikin/04-Archive-records/teshura-rivkin-klyne-p13-14-Rivkin-letters.jpg,93754,a56c7f1c00cd70fdc1fa5bbe3d5379e7c81e56ece16971ded7714f4656e2275b,Teshura pp13-14: Rayatz 9 Iyar + Rebbe 18 Teves 5713 letters to R' Y.Z. Rivkin,Lane A block C (teshura)
01-Chaikin/05-Research-notes/RESEARCH-NOTE-chaikin-laneA-blockC.md,1757,94359bb7a0cd33fc770d199160aae45bc161ca9d179db94712cb454dae1d01d5,"integration note Lane A block C (teshura facsimile, Tzadok confirmed, 27/10335, Rivkin lead; tree v1.24)",Lane A block C
01-Chaikin/05-Research-notes/RESEARCH-NOTE-bacher-block11-jgff-outreach.md,714,9ccb0a8702fdafb712fa9cfca96363e9a97e0397289072b4b403ad68938fa4de,record note Bacher lane block 11 (JGFF RUCH outreach sent lane-side; LitvakSIG account hunt; no tree changes),Bacher lane block 11
01-Chaikin/04-Archive-records/Azriel-reviewing-smuggled-documents-chabadorg-2011.jpg,61332,a9b0cba739fe7e3babdc515977ce610652245a7d5cf4a2a2e19a32afcf28f736,"Azriel Chaikin reviewing the smuggled 1946 manuscripts (chabad.org, 2011)",Lane A block C supplement
01-Chaikin/04-Archive-records/MeirChaim-portrait-2-chabadorg-2011.jpg,35982,61a1d11ce9063aa78de33554cd3792ba89699e9e97442dd3125141172b4ac07f,"Meir Chaim Chaikin portrait #2 (chabad.org, 2011)",Lane A block C supplement
01-Chaikin/05-Research-notes/RESEARCH-NOTE-chaikin-laneA-blockC2.md,2170,6b2e46344ab5ebb927f5f6bb6bd67bc9b467bfbbfb44bcc30dcee7914a01cfba,integration note Lane A block C supplement (Tiferes Ezriel 2011; tree v1.25),Lane A block C supplement
02-Warszawski/03-Archive-records/b37-louis-joseph-1842.png,997292,194f39edffbbe911276d3a49a7822dfb5a0f3a3b8c354a613f83b3867f8d2be5,"Tigery register/TD crop (arks jdfp1zg34b7t, w2qc3zvpt419)",Paris lane block 37 (Tigery)
02-Warszawski/03-Archive-records/b37-sauvage-remarriage-1842.png,1023995,6c5e4ef7c161054af70649dde3e2540bf602aa2be958f86149da240eb1e99159,"Tigery register/TD crop (arks jdfp1zg34b7t, w2qc3zvpt419)",Paris lane block 37 (Tigery)
02-Warszawski/03-Archive-records/b37-gauthier-death-1841.png,972138,12758665de61d42a4b6305a0e9e00bd770d29e447dd7e97d04878347d036d4ef,"Tigery register/TD crop (arks jdfp1zg34b7t, w2qc3zvpt419)",Paris lane block 37 (Tigery)
02-Warszawski/03-Archive-records/b37-td2-garson-births.png,750992,876ef6080767b19f7531e7079a43cdd0450aa9ba1eee00f85b77efe4a5639684,"Tigery register/TD crop (arks jdfp1zg34b7t, w2qc3zvpt419)",Paris lane block 37 (Tigery)
02-Warszawski/03-Archive-records/b37-td2-deaths-genm1.png,494748,a319d995a284f506b0e6c3520663e9eae237b0224d3717a84ee236b66f5c3fb4,"Tigery register/TD crop (arks jdfp1zg34b7t, w2qc3zvpt419)",Paris lane block 37 (Tigery)
02-Warszawski/04-Research-notes/RESEARCH-NOTE-warszawski-tigery-td-block37.md,2181,3423c3038bb51c431b985da140a6054870fc60f650842bfcde0f360cc1525ad0,integration note Paris lane block 37 (Tigery + TD; tree integration HELD - Garson backbone),Paris lane block 37
01-Chaikin/04-Archive-records/tiferes-ezriel-p247-stockholm-hesped-5710.png,77391,030f4df67af222004f746beb1f718f98c22a31877544fa9d8e75e8a5d46ddd7d,"Tiferes Ezriel p247 hi-res: Stockholm hesped essay, Shevat 5710",Lane A block D
01-Chaikin/05-Research-notes/RESEARCH-NOTE-chaikin-laneA-blockD.md,1586,ec1761f22c23a8cb3bafcb46e9b0d076061759415e3f3857eb2db9840ba43510,integration note Lane A block D (Tzadok identified; tree v1.26),Lane A block D
01-Chaikin/04-Archive-records/Chaikin-MeirChaim-semicha-announcement-CanJewishChronicle-1955-12-02.jpg,115287,0fe0d2cd3f1dcccf6339f1d1c5c87de5f0ddae3f4bbf349b152c45d47eed5368,"original scan, pristine (anash.org watermark); Canadian Jewish Chronicle Dec 2 1955 sponsored page, Chag HaSemicha Rabbinical College of Canada; NEW portrait 'RABBI M. CHAIKIN, Rosh Yeshivah'",Lane A block E
01-Chaikin/04-Archive-records/Chaikin-MeirChaim-chag-hasemicha-event-journal-5715.jpg,65762,78fa668eb6681e9fdba3ae56109b19c80f58faafb53031c8971a3a611331bad8,"original scan, pristine (anash.org watermark); event journal Dec 4 1955: 'Ordination by: Rabbi M. Chaikin'; 5263 Park Avenue; chairman Gameroff; guest Rabbi S. Hecht",Lane A block E
01-Chaikin/04-Archive-records/Chaikin-MeirChaim-portrait-crop-CanJewishChronicle-1955.jpg,4067,9c7332cc4f85e374f9a29cae219f9143ce02053b12bed67836d299fb481ff644,portrait crop from the CJC Dec 2 1955 page (derived crop of the pristine page scan),Lane A block E
01-Chaikin/04-Archive-records/Bacher-LitvakSIG-RUCH-ALD-cluster-block12.zip,27091,2a4afeb98500ced4255927426273873834d9ba1e5be19dd78250838d3c7a6d52,237 RUCH/Rokiskis ALD records; BACHER+Rokiskis essentially negative - redirect belongs to RUCH,Bacher lane block 12
01-Chaikin/04-Archive-records/Bacher-RUCH-passports-block12b.zip,1524,d568e311f92365deae6122f7bd79374eb926b3d909573049d605e83c80058671,"Peisech RUKH internal passport, 30 Jul 1928",Bacher lane block 12b
01-Chaikin/04-Archive-records/Bacher-RUCH-revision-lists-block13.zip,5579,8568cc8d775c3a65a2e5cf54fbe5309838b2a55419f99399da046143e3c4e957,5 RUKH revision-list households; KOPEL son of LEYBA name-share hypothesis only,Bacher lane block 13
01-Chaikin/05-Research-notes/RESEARCH-NOTE-chaikin-laneA-blockE-semicha5715-kahanov.md,3315,cd71423909a436546b50775bb6e8329a8ac4f8522aa6c7be1499ecc16525c1f9,research note: 5715 Chag HaSemicha + Kahanov obit mining + Tiferes Ezriel completion,Lane A block E
01-Chaikin/05-Research-notes/RESEARCH-NOTE-chaikin-bacher-litvaksig-blocks12-13.md,1009,b7deb78485c56d8118527052cc0e0f13152583bdc3df8b4fe59c594a5b1b0398,"research note: LitvakSIG RUCH cluster, redirect, passport, revision lists",Bacher lane blocks 12-13
02-Warszawski/03-Archive-records/Garson-DesireLamoureux-mariage-acte7-Tigery-1834-parties.png,862323,fac2c9aac252418a0795a53e38c3139d59297617d958c5cbb3bab0fd596b0e3c,"original scan, pristine; marriage act N7/1834 parties: Desire Lamoureux Garson (b. 2 fructidor an IX) veuf de Zoe Vallier x Hyppolite Barbe Julie Sauvage, 30 aout 1834",Paris lane block 38
02-Warszawski/03-Archive-records/Garson-DesireLamoureux-mariage-acte7-Tigery-1834-temoins.png,701122,0e88788b991b9bf8b0b56e221ff617a1fa5fabd716b3a4555d63a55ade13a725,"original scan, pristine; act N7/1834 witnesses: Ferdinand + Theodore Garson 'frere du futur', both signed",Paris lane block 38
02-Warszawski/03-Archive-records/Garson-JacquesSebastien-deces-Tigery-1820.png,629026,348aeb9591a5a619986cd03e42edcbe45d5bc2d6b54d866a42fd4b4c8acb9a16,"original scan, pristine; Gen(-1) Jacques Sebastien Garson d. 7 nov 1820 Tigery; names son J-D II + gendre Louis Rognon",Paris lane block 38
02-Warszawski/03-Archive-records/Garson-Josephine-naissance-acte1-Tigery-1820.png,671579,d3d67b944139256dd1da233f090185ac82d855b96acade65f64eb9c30c4b5f13,"original scan, pristine; act N1/1820 confirms Gen0 couple J-D II x Marie Ursule Breton",Paris lane block 38
02-Warszawski/03-Archive-records/Garson-Francoise-naissance-Tigery-1833.png,600128,e53f262cb71f194318e65f080dbb0371904fadb9f2414027d627b19d057a6630,"original scan, pristine; Francoise Garson b. 14 oct 1833, 'fille legitime' 10 months before the wedding",Paris lane block 38
02-Warszawski/03-Archive-records/Garson-ZoeVallois-deces-Tigery-1834.png,886784,eb85061f3c20951d1feadbb1cd21f4c4100c52cd563c92cd1298fa83e0839c78,"original scan, pristine; Zoe Vallois (Desire L.'s first wife) d. 3 jan 1834",Paris lane block 39
02-Warszawski/03-Archive-records/Garson-Germain-naissance-1831-Ferdinand-x-Bozera.png,939424,bdebadb54f4ee83937a9c64a9298377df5e14523b2c4b07f649868edb1905ebd,"original scan, pristine; Germain Garson 1831 = Ferdinand x Bozera's son (corrects block-38 inference)",Paris lane block 39
02-Warszawski/03-Archive-records/Garson-MarieUrsuleBreton-deces-Tigery-1830.png,651988,bc870a2cd099fe265dcd5aa91721afdadf8cd6ed48ba5c93440068a29ba41d11,"original scan, pristine; Breton death 1830; Breton kin from La Croix-en-Brie",Paris lane block 39
02-Warszawski/03-Archive-records/Garson-Rognon-deces-Tigery-1830.png,711184,7e522f31f72afb32a4a9cf74d6290569343ceb9abed0063eb26cbe9e17e6edcf,"original scan, pristine; Rognon death 1830; Marie Louise Garson m. Rognon",Paris lane block 39
02-Warszawski/03-Archive-records/Garson-Poytreaud-deces-Tigery-1831.png,725949,d3ad7230e0870edd4c016dd1dc4feb54016c111b5571f4cde73f7ef55c398ed6,"original scan, pristine; Poytreaud death 1831 (husband of Marie Francoise Julienne Garson)",Paris lane block 39
02-Warszawski/04-Research-notes/RESEARCH-NOTE-warszawski-tigery-block38.md,1844,e7e4fdd0bc043a290d076b12562967c9d1fccb864cdd301064326ad2739d76f6,"research note: Tigery 1818-36 register, Gen(-1) confirmed, Desire L. marriage act",Paris lane block 38
02-Warszawski/04-Research-notes/RESEARCH-NOTE-warszawski-tigery-block39.md,963,41e34fefa7d6d7e1c2f64283d5241b89b95812c7514b245d31751393b987810f,"research note: Zoe Vallois death, Germain correction, Rognon/Poytreaud/Breton acts",Paris lane block 39
01-Chaikin/05-Research-notes/RESEARCH-NOTE-chaikin-laneA-blockF-negatives.md,714,5c8111ed8243ea280350c709cd96290d62cee6412d38285fbd643ba9efae11b2,"research note: block F negatives (5715 video dead, kevarim, CJC archive) + Snovsk lead",Lane A block F
02-Warszawski/03-Archive-records/Garson-Hippolyte-naissance-acte7-Tigery-1824.png,1155864,56c60093ee81c77c7fbe26541622920161d3989a2db42d18bbc444d18c5dea5a,"original scan, pristine; Hippolyte Garcon b. 15 sept 1824, fils legitime of Desire Ferdinand Garcon x Marie Louise Gertrude Bezerat; uncle Lamoureux Desire + grand-oncle Rognon witnesses",Paris lane block 40
02-Warszawski/03-Archive-records/Garson-Clarisse-naissance-Tigery-1826.png,1214135,5ce10f34712343c84b071e7158a8d725160682fc4c5a6548dbbe5497a335d056,"original scan, pristine; Clarisse Garcon b. 22 mars 1826 (d. 3 mai 1832), Ferdinand x Bezerat",Paris lane block 40
02-Warszawski/03-Archive-records/Garson-Sophie-naissance-acte4-Tigery-1827.png,1042261,e09ec5a964ab8189d4da39d29c54760f057ff48b507b19c6e888b2cbedad939e,"original scan, pristine; Sophie Garcon b. 12 juin 1827 (TD '1826' error corrected), Ferdinand x Bezerat",Paris lane block 40
02-Warszawski/03-Archive-records/Garson-Eugenie-naissance-acte10-Tigery-1828.png,1126787,07ed3d183a52de0308e539998db7b783c307b91b66d4d44dddf8f4f8adb48354,"original scan, pristine; Eugenie Garson b. 29 oct 1828, act N10/1828 - first act-verified child of Desire Lamoureux x Zoe Vallois; gives Zoe's full name",Paris lane block 40
02-Warszawski/03-Archive-records/Garson-DesireLamoureux-x-Sauvage-mariage-acte7-Tigery-1834-full.png,1161473,9348ee700bfa44ed9d7e9f4c4bac1bf666093bb3caacd8eda588d488652928f2,"original scan, pristine; FULL marriage act N7/1834 (30 aout 1834): Desire Lamoureux 'fils legitime de Garcon Jacques Desire et de defunte Marie Ursule Breton' - Gen1 link act-confirmed; 4 witnesses incl. brothers Ferdinand + Theodore",Paris lane block 40
02-Warszawski/04-Research-notes/RESEARCH-NOTE-warszawski-tigery-block40.md,4223,65417c97141a74ebff814a51868517ecfdb8b8eeeedf90e3acac99346127a317,"research note: Gen2 attribution final, Fournier-marriage Tigery window closed (AD77 next), Geraldy baby, Victor Fournier hypothesis closed, Sauvage kin confirmed",Paris lane block 40
01-Chaikin/04-Archive-records/Goldman-Selma-1950census-person-FamilySearch-6XT1-B6Y9.png,231010,ebdc143a861f8cc759e9022758d2074511f137076b3af33fad418d83caa0bb55,"screenshot; FamilySearch 1950 census person page for Selma Goldman (7, b.~1943 NY, Brooklyn ED 24-3692, 4 Apr 1950)",Bacher lane block 16
01-Chaikin/04-Archive-records/Goldman-1950census-search-FamilySearch-ED24-3692.png,137837,2191a05b6c6595e9413e19f33716c556b099009822321b4afaddb7508e2afbc3,"screenshot; FamilySearch 1950 census search result: Solomon/Helen/Selma/David Goldman, Brooklyn",Bacher lane block 16
02-Warszawski/03-Archive-records/Garson-JacquesDesireII-deces-acte10-Tigery-1838.png,1716439,f565df0794466dbac72ff69727a0b2816d9c74b23bbfceb53cc8ca4c482a9d3c,"original scan, pristine; J-D II death act N10/1838: 'marie en seconde noce a Dame Catherine Fournier, sa veuve' - second marriage act-confirmed; witnesses Ferdinand + Theodore 'fils du defunt'",Paris lane block 41
02-Warszawski/03-Archive-records/Garson-JacquesDitTheodore-naissance-acte3-Tigery-1809.png,1121164,3e0a7cd821e48373d7d822862011e5175fc861d7d5494f772af5ed9c096d539c,"original scan, pristine; Theodore b. 28 mars 1809 (registered 'Jacques'); witness Boytreneau 'oncle' => his wife M-F-J Garson is J-D II's sister",Paris lane block 41
02-Warszawski/03-Archive-records/Garson-Eugene-naissance-acte13-Tigery-1813.png,1227365,d142886d4f797040c1421a98a8a0afe75a992fa3277f63cffe784e5e65b760c7,"original scan, pristine; Eugene b. 10 juin 1813; mother named 'Marie Desiree Breton' (conflict with 'Marie Ursule Breton' kept visible)",Paris lane block 41
02-Warszawski/03-Archive-records/Garson-LouisJacques-naissance-acte7-Tigery-1816.png,1179330,3fe766cdc496dd62a2bf3ce957fe635cb1d056d2ac90e472fd405a746411edb2,"original scan, pristine; Louis Jacques b. 20 aout 1816; mother 'Marie Ursule Breton'",Paris lane block 41
02-Warszawski/03-Archive-records/Garson-table-alphabetique-Tigery-1813.png,1628024,893b7b550f1f4d8fc77f9581494b4b96adf7f6bd25e319d587bf226602d2d723,"original scan, pristine; 1813 annual table - NO Gauthier death (corrects the 18 dec 1813 note)",Paris lane block 41
02-Warszawski/04-Research-notes/RESEARCH-NOTE-warszawski-tigery-block41.md,2903,ee7b365d5c23acdb228f33ac26f45704c5def2700bcd40302dbd4a6d9d4cb590,research note: J-D II second marriage act-confirmed; Boytreneau = J-D II's sister; Gauthier-1813 correction; Geraldy-baby closed; Breton name conflict,Paris lane block 41
01-Chaikin/04-Archive-records/Goldman-1950census-page-ED24-3692-image20of29-FamilySearch.png,366629,9254dcb933932db93782f05b4f0e188089c11f764cc976d21b52997b3463eca7,"screenshot; 1950 census original page image 20 of 29, Kings ED 24-3692, Goldman household rows highlighted (Solomon/Helen/Selma/David); viewer https://www.familysearch.org/ark:/61903/3:1:3QHN-LQHW-9ZCG",Bacher lane block 16b
01-Chaikin/04-Archive-records/Meir Chaim Chaikin - Master Timeline and Consolidated Research - Sept 28 2026.md,20230,73175f6547bb19d79fc92b1ecb3eacd1f5fee11b065120215613bc2e2fc3a267,"M.C. Chaikin master timeline + consolidated research, 10 sections, all 16 Igros letters w/ URLs, verbatim quotes, conflicts flagged in place, inferences labeled; the book's working spine - LIVING DOCUMENT, revise as records land (Drive id 1rljNKjIaPMavGf67T1eY4nrDAXVdPpHj)",Lane A block D
01-Chaikin/04-Archive-records/Goldman-1950census-hires-crops-ED24-3692.zip,3290242,07652b8bcea8d330d7d56d05e6f9daa5dd11a8b7f06b7ba2ef69349d5aabe299,"zip: full hi-res 1950 census page (4006x4802) + 8 labeled crops + record text; household of Solomon Goldman, 696 Georgia Ave (strong inference), Brooklyn; incl. daughter Rachel (1) absent from person-index",Bacher lane block 16c
01-Chaikin/04-Archive-records/Bacher-igros-letters-and-JEM-search-block17.zip,564765,8834c23de26a6ef224230ef95a4968bef41014e6183e512258c7011ed1f02b43,"zip: Hebrew text of Igros vol 7 letter 1890 (Solly Bacher, 4 Mar-Cheshvan 5713 - already embedded in the book) + vol 15 letter 5490 (27 Sivan 5717, high-confidence inference); JEM photos.jemedia.org 'bacher' search: 83 photo IDs + dates + screenshot",Bacher lane block 17
02-Warszawski/03-Archive-records/Paris-17e-block42-Collette-Garcon-act72-and-TD-row.zip,3340592,1b3f60fb3d50a23341854a15abbbe6bbbf69061bd4560564444afb78b8ce596d,"zip: 17e marriage act 72 (7 Feb 1867, Collette x Garcon, witness Adolphe Joseph Garcon) + witnesses crop + TD 17e marriage row; Garson hold intact; CORRECTED 28 Sep 10:33: the 17e NAISSANCES TD negative is REVERSED - D1M9 46 feuillet 10 (image 12/21) DOES carry ""Garson | Cesar | 30 | mars | 1868"", the only Garson row, matching archived acte 734; the 17e MARIAGES TD negative (no Antoine m2) stands",Paris lane block 42
01-Chaikin/05-Research-notes/CORRESPONDENCE-LOG.md,3741,0a3102ac7cf6b6e7e7bdc9cbcc0065a413504a08cc7c2037ca215332e94b786f,"running log of outbound research contacts (Montefiore, JGFF, Riksarkivet; pending JEM)",maintenance 28 Sep
01-Chaikin/05-Research-notes/RESEARCH-NOTE-chaikin-laneA-snovsk-stockholm-28sep.md,2458,585e4abed4e0d7bbeaab6ba1027d8e147ef5d33bbc30d996b18d78761ffa7b07,"integration note Lane A: Snovsk SACU 679/10 cluster (UNLINKED, archive-level) + Stockholm Riksarkivet application",Lane A Snovsk/Stockholm 28 Sep
01-Chaikin/04-Archive-records/Riksarkivet-genealogy-form-2026-09-28.pdf,,,filled official genealogy form emailed to riksarkivet@riksarkivet.se 10:26 AM (delivered; submission 515a7ff6...de29); Meir Chaim + Cyla records 1948-51; uploaded by Lane A [drive id 1k11uA1Z6AabeJJc_8Voyrtlo4LxMB6Bs],Lane A Stockholm 28 Sep
01-Chaikin/05-Research-notes/RESEARCH-NOTE-bacher-block18-jem.md,3103,5ad4c9439b4669f63caa2c851cf5113d8ea5176824fd999de4a3f2bc3d59beb0,"integration note Bacher block 18: JEM people index (Koppel 56 photos 5737-5752; Selma 3 photos 5750-51; Shaul 5750-52 not Solly; Rebbetzin Chana funeral tag check pending; face-recognition held) + block 19: full 83-photo JEM harvest, Selma x3 confirmed book candidates, Tilson lead_044, Bacher_Prints_ collection",Bacher lane block 18
01-Chaikin/04-Archive-records/JEM-thumb-previews-block18-39496-68501-68502-310548-310549.zip,659150,be8d4549aa7f0dd910f6527718645a0d35d2174a5c7ab96f61975b87c80e3148,"zip: JEM cloudinary thumb previews - Selma 39496 (9 Shevat 5750), 68501+68502 (17 Adar 5751); Rebbetzin Chana funeral 310548+310549 (7 Tishrei 5725, Kagan Moshe Aron) - reference thumbs, originals at photos.jemedia.org",Bacher lane block 18
02-Warszawski/04-Research-notes/RESEARCH-NOTE-warszawski-paris-block44-keystone-negatives.md,2372,f26f7059d545a2cdf501c30d783cc75b7a76c7eb451e978b0a1c2338a5ba6766,"research note Paris block 44: keystone TRIPLE NEGATIVE for Antoine x Lampriere m1 (5e Q2/Q3 tables, 5e TD, 6e TD both sides); explanations left: pre-1860, other mairie, outside Paris, or unrecorded; Garson hold intact + block 45: 3e HIT ""Garcon, Adolphe J.ph, 19 mai 1864"" (Douai-branch candidate), TD IIIF method, 5/20 arrondissements negative",Paris lane block 44
01-Chaikin/04-Archive-records/JEM-bacher-harvest-83photos-previews-metadata-block19.zip,10401304,0b3f6c79ee93111f1e5f5d425fcbdbf8c9d4e6d29ef64b5badf41d5f2a94a099,"zip: full JEM Bacher harvest - 83 preview JPEGs + metadata.tsv + README (Koppel 56, Selma 3, Sholem/Sholom 8, Shaul 5, Chanie 9, Rebbetzin Chana funeral 9 collection Bacher_Prints_); reference previews, originals at photos.jemedia.org; clean copies = future purchase pitch",Bacher lane block 19
01-Chaikin/The-Chaikins-family-edition-v5-backup.pdf,23646209,b01692511bea20c161c3d8b720bc9cd83a6025ebbe7eaa0acd584bedd396ef5e,superseded v5 (83pp) kept as backup,book v5 backup
02-Warszawski/03-Archive-records/Paris-3e-block46-act355-Garcon-Valin-1864.zip,1612208,17eb6a75e10ef48ec501a9d907bf542be894d52ccf1b39f5ac5407eb9c1ed5e9,"zip: Paris 3e marriage act 355 (19 May 1864, Adolphe Joseph Garcon x Ernestine Valin) full page + 3 crops + 7e TD row ""Garson Mlle Pauline 31 jan 1867""; Adolphe identity act-verified to Douai branch; hold intact",Paris lane block 46
01-Chaikin/04-Archive-records/Igros-block21-pinning-vol7-letter890-vol15-letter5549.zip,236980,3fad44b3a2201d512c9b5be33b3717b54e4e20226d9516802fed99a70e8bfc18,"zip: hebrewbooks scan pages vol 7 pp 22-23 (letter 890, 4 MarCheshvan 5713, Solly) + vol 15 pp 230-232 (letter 5549, 27 Sivan 5717) + vol 7 printed index page + 220dpi footnote crop (bechor typo in original print); 890 vs 1890 = print vs chabadlibrary numbering, reconciled",Bacher lane block 21
02-Warszawski/03-Archive-records/JEM-warszawski-sweep-block22.zip,474554,39758058a73d9a43687850957edb17ddfb170acb25b773517e5a3bb408a8c5a1,zip: 6 JEM Warszawski-side images (Lori+Aliya stills 2026660/2026661; Shmaya Marinovsky 47035; Shmuel Yaakov Andrusier 2085414/224263/227266) + sweep README incl. zero-tag list,Warszawski JEM block 22
01-Chaikin/05-Research-notes/RESEARCH-NOTE-igros-block21-pinning.md,2870,e71de63fee9b44885bcfd88fb6183ee4aeb79545fec3c633140a6cef1eb2a984,research note: Igros pinning incl. 890/1890 reconciliation + 5713 date correction + bechor typo,Bacher lane block 21
02-Warszawski/04-Research-notes/RESEARCH-NOTE-warszawski-block22-jem-sweep.md,2141,900bb4048a11f5cd4b63ef5a326875e3029f129c05af2109272c412a4aaed04f,research note: JEM Warszawski sweep results + zeros + incidental Chaikin finds,Warszawski JEM block 22
02-Warszawski/01-Manuscript/The-Warszawskis-family-edition-v4-backup.pdf,20230009,e93436c4d1ece3ab48ead9d7472477427c6a604f65eba7906e4f89fe9101a743,superseded v4 (57pp) kept as backup,book v4 backup
01-Chaikin/04-Archive-records/SAJR-bacher-sweep-block23.zip,1827767,2667e79bc189b3ee6104f624281419380600ea9f0caf631e64a0d8e12c6f921f,"zip: SA Jewish Report full ""Bacher"" sweep - Selma 33yr TA tribute + 6yr Nach programme; Koppel ""not to be afraid"" pinned to 11 Feb 1990 dollars (own account); Lipskars 50th richest bio (NY 1955 at 14, return 1964, brought+financed Lipskars 1972, brought Yossy Goldman); kinusim 2024/2025 dedicated to his memory (bylined R Yossi Chaikin); Shaul Rom-twins funeral; negatives incl. zero ""Sholom Bacher"", cricket Bachers unrelated",Bacher lane block 23
01-Chaikin/04-Archive-records/TorahAcademy-jubilee-block24.zip,50283,437b8ca01f48f64a914eef50a688c6dde67b0b481ff69c32da922568d0e1c60d,"zip: anash 50yr gala (Yiddish original of the message, 16 Shevat 5750, second source); Jewish Life Trailblazers (wholesaling, Yeshiva College board, Kollel Yad Shaul late 1960s); CrownHeights 2012 (Tayam renamed Chassidim Shul); TA institutional; negatives (TA Foundation 2023 zero, anyflip = wrong school)",Bacher lane block 24
01-Chaikin/05-Research-notes/RESEARCH-NOTE-bacher-blocks23-24-sajr-torahacademy.md,4228,ccad5849f02582f342048d55b38f51bdbc4195b9fddfe7110bd4a268a428ca7b,research note: blocks 23+24 verified facts + 5 preserved conflicts + comment lore labeled unverified + negatives,Bacher lane blocks 23-24
01-Chaikin/04-Archive-records/Igros-vol02-letter310-p266-scan292.png,89498,b469c857dacc04988fc20e11d62dc00cbeb7bb528817e76c81a04eb7840694fc,"200dpi hebrewbooks scan page - vol 2 (bookid 15907, scan offset printed+26); caption nuance: addressee anonymized to מהורמ״ח in print, ID via printed index + chabadlibrary; letter 400 is a FORM LETTER (salutation R Moshe Shapiro, index R Chitrik, Chaikin per chabadlibrary טופס דומה note only); letter 336 EXCLUDED (מהורמ״מ = different person)",Bacher lane vol-2 plates
01-Chaikin/04-Archive-records/Igros-vol02-letter310-p267-scan293.png,117294,0f1c86d9e2f370d90fdad916f62db1251607a3ed67634da72e3f7758385dd1d0,"200dpi hebrewbooks scan page - vol 2 (bookid 15907, scan offset printed+26); caption nuance: addressee anonymized to מהורמ״ח in print, ID via printed index + chabadlibrary; letter 400 is a FORM LETTER (salutation R Moshe Shapiro, index R Chitrik, Chaikin per chabadlibrary טופס דומה note only); letter 336 EXCLUDED (מהורמ״מ = different person)",Bacher lane vol-2 plates
01-Chaikin/04-Archive-records/Igros-vol02-letter310-p268-scan294.png,94403,b3a9b7ce6848b37a32af969948cdf286f807967c293f77dc3a42a995cc6ecf33,"200dpi hebrewbooks scan page - vol 2 (bookid 15907, scan offset printed+26); caption nuance: addressee anonymized to מהורמ״ח in print, ID via printed index + chabadlibrary; letter 400 is a FORM LETTER (salutation R Moshe Shapiro, index R Chitrik, Chaikin per chabadlibrary טופס דומה note only); letter 336 EXCLUDED (מהורמ״מ = different person)",Bacher lane vol-2 plates
01-Chaikin/04-Archive-records/Igros-vol02-letter335-p306-scan332.png,96723,0f6c1a3c2eccf05939534f699af24c4a2bf88db064aee9b7e328f014a7f24932,"200dpi hebrewbooks scan page - vol 2 (bookid 15907, scan offset printed+26); caption nuance: addressee anonymized to מהורמ״ח in print, ID via printed index + chabadlibrary; letter 400 is a FORM LETTER (salutation R Moshe Shapiro, index R Chitrik, Chaikin per chabadlibrary טופס דומה note only); letter 336 EXCLUDED (מהורמ״מ = different person)",Bacher lane vol-2 plates
01-Chaikin/04-Archive-records/Igros-vol02-letter335-p307-scan333.png,88940,0588d0f7b4789e7b4bea1c6225858990974f73b188362a82ce9a64a45b330d83,"200dpi hebrewbooks scan page - vol 2 (bookid 15907, scan offset printed+26); caption nuance: addressee anonymized to מהורמ״ח in print, ID via printed index + chabadlibrary; letter 400 is a FORM LETTER (salutation R Moshe Shapiro, index R Chitrik, Chaikin per chabadlibrary טופס דומה note only); letter 336 EXCLUDED (מהורמ״מ = different person)",Bacher lane vol-2 plates
01-Chaikin/04-Archive-records/Igros-vol02-letter400-p366-scan392.png,89250,e495d58b568b1403765ff84765f05b9cc864253d72825c2c669ee772d9b5f896,"200dpi hebrewbooks scan page - vol 2 (bookid 15907, scan offset printed+26); caption nuance: addressee anonymized to מהורמ״ח in print, ID via printed index + chabadlibrary; letter 400 is a FORM LETTER (salutation R Moshe Shapiro, index R Chitrik, Chaikin per chabadlibrary טופס דומה note only); letter 336 EXCLUDED (מהורמ״מ = different person)",Bacher lane vol-2 plates
01-Chaikin/04-Archive-records/Igros-vol02-letter400-p367-scan393.png,94803,10786c5f637659741afef0a0eadffd5ebe5c0443409a270a3ea0750293080cfd,"200dpi hebrewbooks scan page - vol 2 (bookid 15907, scan offset printed+26); caption nuance: addressee anonymized to מהורמ״ח in print, ID via printed index + chabadlibrary; letter 400 is a FORM LETTER (salutation R Moshe Shapiro, index R Chitrik, Chaikin per chabadlibrary טופס דומה note only); letter 336 EXCLUDED (מהורמ״מ = different person)",Bacher lane vol-2 plates
01-Chaikin/04-Archive-records/Selma-Goldman-obits-block25.zip,7700,db94548a7c04d5dbb350bd192afa3565fc9e87aafc53ef33a0ab6e8c29e4d2d8,"zip: Selma obits (anash: PRINCIPAL Chabad Girls High, d. 21 Iyar 5781, 78; both Koppel+Selma at the Rebbe on Mandela day) + VINnews shiva list (Goldman siblings Dovid + Rachelle Weiner; Rania/Ronya conflict) + COLlive Koppel obit (Rokiskis Ruch SOURCED; returned 1961/married 1964; sisters Minnie Daniels + Sorrel Sher) + sheva-brachas tribute",Bacher lane block 25
01-Chaikin/05-Research-notes/RESEARCH-NOTE-bacher-block25-selma-goldman.md,3372,63531235c0440764649449fe541b1bfb0f6e81ea110a08dd27874a90296af762,research note: block 25 - Rokiskis/Ruch sourced; Selma principal; Goldman maiden family; conflicts preserved; living-sibling outreach HELD as user decision,Bacher lane block 25
02-Warszawski/03-Archive-records/Paris-block48-arr01-08-lampriere-double-negative.zip,725151,3613160ffc324ae73a17cf95ac2903a027846fb78420ae9479a1a4701dbe1eb5,"zip: arr 01-08 Lampriere cross-check COMPLETE (all 8 double-negative for Antoine x Caroline; only arr 09-20 remain) + collateral Lamperiere/Lampire cluster (10 marriages 1er/2e/5e, possible spelling drift; lane pulling 4 acts) + 2 crops",Paris lane block 48
01-Chaikin/04-Archive-records/Bacher-block26-rokiskis-line-resolved.zip,389383,1be620905736563a8c87d6610207d6cedeea9d60c0ff5b276656cd57a039c8c5,"zip: Amanda Jermyn Ruch-Bacher tree PDF + 1931 Frierdiker Rebbe at Ruch home photo (chabadinfo); Rokiskis line RESOLVED, ALD households mapped",Bacher lane block 26
01-Chaikin/04-Archive-records/Igros-vol03-letter464-p86-scan124.png,92994,c4a1770064379bf8c58331e2e49a11fc10179ce1eae12f25d76eaff5dfee9dfc,"scan: Igros Kodesh vol 3 letter 464 (12 Adar 5709), printed p86, 1987 ed. de-anonymized salutation names Meir Chaim Chaikin; book plate for v7",Lane A vol 3
02-Warszawski/03-Archive-records/Paris-block49-act457-lamperiere-waelles.zip,981648,287cedd4de1bb3400503f738a7ee0a2039a564fa3fbf7d04d0809018e6c26bb5,"zip: acte 457 (23-6-1860, 1er) Delphine-Amelie LAMPERIERE x Henri WAELLES full spread + Marbel zoom; parents Jules Armand LAMPERIERE x Amelie Clotilde MARCEL = candidate parents for Caroline (INFERENCE, Garson hold)",Paris lane block 49
01-Chaikin/04-Archive-records/Igros-vol14-letter5075-p308-scan338.png,116694,,"scan: Igros vol 14 letter 5075 (index 26 Teves 5717 - CONFLICT vs timeline 23 Teves, preserve; open letter to Agadir community; money quote p308); book plate for v7 (Lane A vols 13-14)",Lane A vols 13-14
01-Chaikin/04-Archive-records/Igros-vol14-letter5075-p307-scan337.png,84489,,"scan: Igros vol 14 letter 5075 (index 26 Teves 5717 - CONFLICT vs timeline 23 Teves, preserve; open letter to Agadir community; money quote p308); book plate for v7 (Lane A vols 13-14)",Lane A vols 13-14
01-Chaikin/04-Archive-records/Igros-vol14-letter4874-p119-scan149.png,93728,,"scan: Igros vol 14 letter 4874 (26 Cheshvan 5717, Azriel, Beis Rivka); book plate for v7 (Lane A vols 13-14)",Lane A vols 13-14
01-Chaikin/04-Archive-records/Igros-vol13-letter4639-p386-scan425.png,82854,,"scan: Igros vol 13 letter 4639 (21 Av 5716, Azriel, institution expansion); book plate for v7 (Lane A vols 13-14)",Lane A vols 13-14
01-Chaikin/04-Archive-records/Igros-vol13-letter4639-p385-scan424.png,71536,,"scan: Igros vol 13 letter 4639 (21 Av 5716, Azriel, institution expansion); book plate for v7 (Lane A vols 13-14)",Lane A vols 13-14
01-Chaikin/04-Archive-records/Igros-vol13-letter4413-p142-scan181.png,92177,,"scan: Igros vol 13 letter 4413 (4 Sivan 5716, Azriel, Agadir mikva); book plate for v7 (Lane A vols 13-14)",Lane A vols 13-14
01-Chaikin/04-Archive-records/Igros-vol13-letter4413-p141-scan180.png,83138,,"scan: Igros vol 13 letter 4413 (4 Sivan 5716, Azriel, Agadir mikva); book plate for v7 (Lane A vols 13-14)",Lane A vols 13-14
01-Chaikin/04-Archive-records/Igros-vol13-letter4273-p3-scan42.png,75220,,"scan: Igros vol 13 letter 4273 (Rosh Chodesh Iyar 5716, to Matusov, Chaikin mention); book plate for v7 (Lane A vols 13-14)",Lane A vols 13-14
01-Chaikin/04-Archive-records/Igros-vol13-letter4273-p2-scan41.png,85800,,"scan: Igros vol 13 letter 4273 (Rosh Chodesh Iyar 5716, to Matusov, Chaikin mention); book plate for v7 (Lane A vols 13-14)",Lane A vols 13-14
01-Chaikin/04-Archive-records/Igros-vol13-letter4273-p1-scan40.png,69537,,"scan: Igros vol 13 letter 4273 (Rosh Chodesh Iyar 5716, to Matusov, Chaikin mention); book plate for v7 (Lane A vols 13-14)",Lane A vols 13-14
01-Chaikin/04-Archive-records/Bacher-block27-litvaksig-zamet-teperson.zip,4709,392c8729976331e664ce3664429b21d31a3108269eb5267ed228db9ec96e268c,"zip: LitvakSIG ALD verbatim dumps - Zamet-Rokiskis 82 matches (Liba death LVIA/1817/1/244 = Vulf Jankel Zamet + Ela, triple-locked; Zalmanas Zamitas probable brother) + Teperson Panevezys family (UNVERIFIED Chana lead)",Bacher lane block 27
01-Chaikin/04-Archive-records/Igros-vol27-letter10335-p337-scan405.png,51689,,"scan: Igros vol 27 letter 10335 pp336-337 (hb 15954) - to R Meir Dreyfus, relaying on Azriel behalf; earlier Soloveitchik intro was a different use of the number (CORRECTION); book plate for v7 (Lane A complete)",Lane A vols 15-27
01-Chaikin/04-Archive-records/Igros-vol27-letter10335-p336-scan404.png,75106,,"scan: Igros vol 27 letter 10335 pp336-337 (hb 15954) - to R Meir Dreyfus, relaying on Azriel behalf; earlier Soloveitchik intro was a different use of the number (CORRECTION); book plate for v7 (Lane A complete)",Lane A vols 15-27
01-Chaikin/04-Archive-records/Igros-vol20-letter7607-p186-scan199.png,53494,,scan: Igros vol 20 letter 7607 pp185-186 (hb 15947) - footnote places Azriel in Copenhagen by 5731; book plate for v7 (Lane A complete),Lane A vols 15-27
01-Chaikin/04-Archive-records/Igros-vol20-letter7750-p329-scan338.png,60037,,scan: Igros vol 20 letter 7750 p329 (hb 15947); book plate for v7 (Lane A complete),Lane A vols 15-27
01-Chaikin/04-Archive-records/Igros-vol20-letter7607-p185-scan198.png,68874,,scan: Igros vol 20 letter 7607 pp185-186 (hb 15947) - footnote places Azriel in Copenhagen by 5731; book plate for v7 (Lane A complete),Lane A vols 15-27
01-Chaikin/04-Archive-records/Igros-vol19-letter7271-p271-scan289.png,50878,,scan: Igros vol 19 letter 7271 p271 (hb 15892); book plate for v7 (Lane A complete),Lane A vols 15-27
01-Chaikin/04-Archive-records/Igros-vol18-letter6901-p431-scan451.png,59137,,"scan: Igros vol 18 letter 6901 p431 (hb 15924) - printed 29 Sivan vs timeline 22 Sivan CONFLICT, printed wins; book plate for v7 (Lane A complete)",Lane A vols 15-27
01-Chaikin/04-Archive-records/Igros-vol17-letter6460-p311-scan325.png,71516,,scan: Igros vol 17 letter 6460 p311 (hb 15843); book plate for v7 (Lane A complete),Lane A vols 15-27
01-Chaikin/04-Archive-records/Igros-vol15-letter5328-p3-scan19.png,91301,,scan: Igros vol 15 letter 5328 (hb 15912); book plate for v7 (Lane A complete),Lane A vols 15-27
01-Chaikin/04-Archive-records/Bacher-block28-zamet-revision-teperson-jhb.zip,3050284,519103a385c3f2d2f7e4e624babfcdca031c601f6e0188039a999617c1807500,zip: 82 Zamet ALD records verbatim + 1908 family list KRA/I-210/1/617 + 9 jhbchev stone photos (Teperson/Bacher) + Machal account; ITSIK ZAMED new generation; Teperson JHB cluster hypothesis,Bacher lane block 28
01-Chaikin/04-Archive-records/Bacher-block29-jem-dollars-video-teperson-sajr.zip,4069313,b5dca3d90731614bf6c44bea5248fdf148ab3ba3e568fa04c7e70922ce8f1618,zip: JEM dollars-5750 video mp4 + 6 frames + sajR-bacher-index.json (97 hits) + Dovi Teperson SAJR article photo (SENSITIVE - family decides book use),Bacher lane block 29
01-Chaikin/04-Archive-records/Jermyn-Amanda-Tending-the-Family-Tree.pdf,11346401,aedbc783f874500fc68530231ab78ed6d64517e9f15d31b1fa1b6d72b97fb9dd,"Amanda Jermyn 'Tending the Family Tree' full book - ch.34 p.363 + ch.37 pp.405-406 = 1931 FR visit (Todres message-version, full 'treife land' reply; Auntie Leah entourage details); ch.36 Ruch structure; Rokiskis color; Kriger ships. KEYSTONE for the 1931 chapter; check Amanda's usage conditions before verbatim quotes",Bacher lane block 30
01-Chaikin/04-Archive-records/Shelach-Eitan-I-Remember-Now-memoir.pdf,2667347,4b3901ff016e11a223dd0768e101ad285a5853bd3074d5d9a29a1c544ddf970a,"Eitan Shelach memoir 'I Remember Now' - PERMISSION GRANTED 29 Sep 2026: quoting with attribution; review-before-finalizing owed (v-final gate); photos/distribution NOT settled - see PERMISSIONS-LOG-chaikin-book.md. Ahuva (Libke) Ruch = Rachmiel's sister; Hanan Shneiderman/Shelach photographer claim (conflict preserved); 770 photo epilogue; Moncton/Montreal branches",Bacher lane block 30
01-Chaikin/04-Archive-records/Bacher-block30-amanda-eitan-findings.txt,10890,f3ab1ba204c2f24426c3aab2cc379c14f703924dba1dbaf34e8cb8287e9b8f8b,"block 30 findings file - verbatim quotes, photo-author conflict, open Ruch question (Avraham Koppel Ruch not in Amanda's tree)",Bacher lane block 30
01-Chaikin/04-Archive-records/IgrosRayatz-vol16-letter5965-p256-scan310.png,127099,,"scan: Igros Rayatz vol 16 letter 5965 p256 (hb 58796), 7 Adar 5689 - names R' Moshe Chaikin, Congregation Emanuel (Youngstown?); tree v1.36 unlinked hypothesis",Lane A whole-library search
01-Chaikin/04-Archive-records/IgrosRayatz-vol14-letter5172-p228-scan268.png,102152,,"scan: Igros Rayatz vol 14 letter 5172 p228 (hb 31620), Sivan 5683 - relative R.M.M. Chaikin in a doctors' city (plausibly London/Manchester); tree v1.36 unlinked hypothesis",Lane A whole-library search
01-Chaikin/04-Archive-records/IgrosRayatz-vol14-letter5172-p229-scan269.png,136047,,"scan: Igros Rayatz vol 14 letter 5172 p229 (hb 31620), continued",Lane A whole-library search
01-Chaikin/04-Archive-records/Map-Homel-1910-Commons-PD.jpg,647470,,"period map: HOMEL city plan 1910, PD, 1648x2085 full-res - v7 book plate",Lane A period-maps block
01-Chaikin/04-Archive-records/Map-SurazhUezd-1785-Commons-PD.jpg,3871730,,"period map: SURAZH uezd atlas 1785 part 1/4, PD, 3840px; predates Meir Chaim ~120 yrs (5689/1927-29 conflict kept); parts 2-4 + 57MB original on request",Lane A period-maps block
01-Chaikin/04-Archive-records/Map-KutaisiGov-1857-Commons-PD.jpg,2569559,,"period map: KUTAIS Governorate 1857, PD, 3840px - for the 12 Tammuz 5690 wedding chapter",Lane A period-maps block
01-Chaikin/04-Archive-records/Map-Stockholm-1938-1940-Commons-CCBYSA3.jpg,5425089,,"period map: STOCKHOLM official city map 1938-40, CC BY-SA 3.0 - ATTRIBUTION REQUIRED in book",Lane A period-maps block
01-Chaikin/04-Archive-records/Map-Montreal-1942-Maw-Commons-PD.jpg,5385760,,"period map: MONTREAL Maw pictorial 1942, PD - Mile End / 5263 Park Ave area",Lane A period-maps block
01-Chaikin/04-Archive-records/Map-MogilevGov-1913-Commons-PD.png,23778889,,"period map: MOGILEV Governorate 1913, PD, 4477x5628 full-res - regional cover for the Dribin engagement story; Dribin military topo (mapywig) queued",Lane A period-maps block
01-Chaikin/04-Archive-records/Bacher-block32-rokiskis-yizkor-bacher.zip,121598,9afcd8871d27236c739701003f58acd00e9f79ca41440288c9b1660473af39b8,"zip: Rokiskis Yizkor full sweep - findings (Yitzchak Alter Bacher first dates/origin p.191; Sorrel profile p.190 + death-date conflict; KOPL BACHER new son, MDA SA co-founder; Pesach Ruch origin story rok043; rok452 Rakishker profiles; rok900 memorials; carriage nuance rok205; 1931 narrative NOT in Yizkor) + pesach-ruch-yizkor.jpg portrait + Amanda-facing PDF v2 (HELD for user's go)",Bacher lane block 32
01-Chaikin/04-Archive-records/Bacher-block33-sajr-bacher-sweep.zip,4771382,1acd8d9b303bad14dcec8fc528ef6e3f7db9929b40058f38cf62f6e763f84e33,"zip: SAJR 97-hit bacher sweep - 16 full articles + 12 photos + findings (Koppel 2022 interview NEW Hebrew preface line; Selma 33yr TA + Nach tribute; Sholom UOS vs Shaul drug-rehab TWO brothers; Chanie TA teacher; Sarah (Bacher) Levitin; Yossi Chaikin 31647 bridge article; Yossy Goldman lead)",Bacher lane block 33
01-Chaikin/04-Archive-records/Bacher-block34-sajr-chaikin-goldman.zip,18694,7db6cfa08e6c818836635ab5050de49104fb59fd277c32d8a95f00b4951108b5,"zip: SAJR chaikin/goldman sweeps - 9 articles (Yossi Chaikin 20+ columns corpus = user's FATHER's own writings, prime v7 material; Yossy Goldman 50yr profile 38402 = Selma-link WEAKENED; Mendel 25925 near-miss)",Bacher lane block 34
01-Chaikin/04-Archive-records/Nevel-TzemachTzedekHaskala-delegates-scan26.png,144917,,"scan: Nevel delegates table (Admor HaTzemach Tzedek Utnuat HaHaskala) - R' Yisrael Chaikin of Nevel inference lane; hebrewbooks throttling, scans ~12pp/run",Lane A
01-Chaikin/04-Archive-records/Photo-AzrielChaikin-770-2017-Commons.jpg,627102,,"photo: Azriel Chaikin davening in 770, 2017 (Wikimedia Commons, CC BY-SA 4.0, author דברי הרב, attribution required) - Commons URL resolved: https://commons.wikimedia.org/wiki/File:הרב_חייקין.jpg - tree v1.40 portrait candidate",Lane A
01-Chaikin/04-Archive-records/Bacher-block35-chabadpedia-koppel-goldman.zip,7082,e3e9c85ae8a695cdedbb07c5f35fe6c8a05fc1cd3ae5a30ae3a5e2184922ede3,"zip: Koppel Chabadpedia entry full Hebrew (HaLevi/Levites; Chasdan kinship; letters from both Rebbeim; Sefer HaChassidim card; Igros #1735; M.M. Lipsker mechanism; children all shluchim) + Yossy Goldman entry (Selma-kinship NEGATIVE) + Selma anash obit + Richter tribute",Bacher lane block 35
01-Chaikin/04-Archive-records/Bacher-block36-chasdan-entry.zip,4802,7c98f58d8a101eb3eee9c1cfb5dab68f56e4f4bdcffe36d1599941241bb48844,"zip: R' Yisrael Zecharya Mendel Chasdan full chabadpedia entry Hebrew verbatim (kin named by Koppel entry; mechanism unstated; Sweden years; Rayatz thank-you letter; TA-director son)",Bacher lane block 36
01-Chaikin/04-Archive-records/Bacher-block38-igros-1735-letter.zip,3743,a83e941183b8e6fbd2a88d16c43a5ce6049fe3d25fe7cacc029df18155f160cf,"zip: CENTERPIECE - Igros 7/1735 full Yiddish (ONLY published Bacher letter; Rayatz blessings to Chaim Shaul Zev + family; family-business counsel) + Igros 23/8387 (Chassidisher Shul dedication 15 Kislev 5724)",Bacher lane block 38
01-Chaikin/04-Archive-records/Bacher-block39-rayatz-corpus-sa-sweep.zip,4269,d9ad6f26363ad2582156181fc7980cb9b26a444b6266023fa39a3fed72a600d1,"zip: Rayatz-corpus SA sweep - Queue H negative extended; Sefer HaSichos 5708 hakafos SA temimim (q_038); Igros HaRayatz 16/6128 matzah campaign SA (5689)",Bacher lane block 39
01-Chaikin/04-Archive-records/Bacher-block40-stockholm-corpus.zip,2081,5124c2d0e7939fd15ca7ae781ce63be838da63fb34d16d961ff5cf0b56339308,"zip: corpus upgrade (באכער = 1 hit in whole 7th-Rebbe corpus) + Stockholm letter verified as vol 14 letter 261 (corrects 5262) + place-index dead end",Bacher lane block 40
02-Warszawski/02-Tree-and-data/warszawski-family-tree-v1.17.json,252735,560fb9d73c86a0f1c25a2ffa1343bf991519b1c926a6240ddf0465e262a0df49,"working data snapshot v1.17 (57 people, 88 sources); adds Rabbi Meyer Kogen Cleveland CANDIDATE (AJA files + kevarim grave; kinship unproven) + lead_34; supersedes a stale-fork v1.15 upload",Cleveland lane Kogen find
02-Warszawski/04-Archive-records/Kogen-Meir-Tzvi-kevarim-grave.jpg,146638,4dc5811fd47b8e14f3b57baa09b151d7cf2dec92ed78ca19b049d23b9bdc43bc,"kevarim.com grave photo: RABBI MEYER KOGEN 1888-1973 / הרב מאיר צבי בן אברהם; Mount Olive Cemetery Solon; reuse rights unverified",Cleveland lane Kogen find
01-Chaikin/04-Archive-records/Bacher-block41-chasdei-yisrael.zip,42265,07ec3c62f768433a66ea05f87aa097c6522ac836e50c57f3096116bbef08614d,"zip: Chasdei Yisrael blurb + cover image (585pp bio of R' Yisrael Chasdan; purchase pitched, awaiting user go) + חסדן surname corpus negative",Bacher lane block 41
01-Chaikin/04-Research-notes/Chaikin-Family-Master-Tree.md,0,EXTERNAL-1EM_dYK-QLp5eDHLfSioEAKo8qMfX0yjn,"Lane A master deliverable (RE-UPLOADED 28 Sep 6:35 PM, 44->56 lines): full R'' Yisrael Nevel profile + kuntres pub data (Kehot, Otzar #344-345), Georgia-system section, Zuber chometz deed + patronymic, Rayatz 5700 escape itinerary; open questions 4+5 updated; genealogy source doc for the book (lives in Drive, research folder)",Lane A 6:35 PM block
01-Chaikin/04-Archive-records/Bacher-block42-jhb-chabadpedia-entry.zip,9759,71cb9dd43ec6dfd426d0eed2f8b4cbc75a065a42e981be207ac5487de88d907a,"zip: chabadpedia JOHANNESBURG entry full Hebrew capture (Wayback 2026-03-14) + lane analysis - shlichus mechanism resolved (Weinberg baal habayis 5731, Koppel ask, Chasdan), Lipsker book-ready quotes, BM 1407 footnote resolution, Alai/Hillewitz/Goldman additions",Bacher lane block 42
01-Chaikin/02-Tree-and-data/Chaikin-tree-data-working-v1.30.zip,148069,7608e0bf0dd863945e6452a8d3d800f30fc35fd18c4394ac412ae7db37a4c6a6,"working tree data v1.56 (205 people, 204 sources, 60 unions, 53 events): block-42 JHB entry integrated - shlichus mechanism, BM 1407 footnote resolution (correction printed as new fact), 6 new context persons (Weinberg/Alai/Hillewitz/Goldman/M.M.+Mashi Lipskar), lead_050; Drive filename stays v1.30 by convention",Bacher lane block 42
01-Chaikin/02-Tree-and-data/Chaikin-tree-data-working-v1.30.zip,150170,06912bbb09975d5e33ffad0d66c29154cbd542422b5412a4df6427f3081ee79e,"working tree data v1.57 (205 people, 207 sources, 54 events): Zuber primary docs (IGRAYAZ 684 patronymic + chometz deed; IGRAYAZ 655 Georgia years) + Rayatz escape itinerary (Sichos p179 fn 961_8) + evt_5700_rayatz_escape; Drive filename stays v1.30 by convention",Lane A 5:25 PM block
01-Chaikin/02-Tree-and-data/Chaikin-tree-data-working-v1.30.zip,150179,bd1f9ac8cc03639fedf6b326baac77b8061321b1f78a1b94dc55fbe5d4816f06,"working tree data v1.57.1: lead_050 BM-hunt status folded in (1407 Tamim supplement = wrong section; main 1406/1407 issues still missing); no content changes",Bacher lane block 43
01-Chaikin/02-Tree-and-data/Chaikin-tree-data-working-v1.30.zip,152496,c95b963051b35abae70e40aec40b1c506f5f0db47151e9ba887aa4ed15e4d25e,"working tree data v1.58 (206 people, 211 sources): Georgia corpus block - per_shmuel_levitin node (IGRAYAZ 671 bio + Margolies seat footnote), IGRAYAZ 5739/144/625, Meir Chaim second-wave inference",Lane A 5:40 PM block
01-Chaikin/02-Tree-and-data/Chaikin-tree-data-working-v1.30.zip,152891,9c4d72ce27c2918982075bdead99a2713b78bf5a3bba469a2ff985b86560e049,"working tree data v1.58.1: block-44 data-quality - M.M. Lipsker Igros sweep + disambiguation precision (no dynasty framing); farbrengen-quote verification status",Bacher lane block 44
01-Chaikin/02-Tree-and-data/Chaikin-tree-data-working-v1.30.zip,154661,66072e8da5c8f2f66a1898915cb4bff48abcdb1c6f7b76f6e02883a0d3df596d,"working tree data v1.59 (207 people, 215 sources): NEVEL BLOCK - R' Yisrael Chaikin of Nevel canonical kuntres source (5601 Andratov passage, verbatim); unlinked candidate, q_036 thread; Nevel texture with unproven caveat",Lane A 5:54 PM block
01-Chaikin/02-Tree-and-data/Chaikin-tree-data-working-v1.30.zip,156452,894e33b29f0f2fa324fff6445e26534c94e4faf8a53078bf32593de021bf52f8,"working tree data v1.60 (207 people, 218 sources, 500 facts): Nevel complete resolution (kuntres ch.6 sole-visitor/primary-witness/intercessor passages) + IGRAYAZ 676 Baku placements + 5993 shochet-u-vodek template",Lane A 6:08 PM block
01-Chaikin/04-Archive-records/Bacher-block45-torah-academy.zip,72206,708503c0fce364fdbf996183df136da30f5b32446a65ee1dfcec92865997c215,"zip: torahacademy.co.za leadership/team extracts + Wikipedia TA article (5 artifacts) - Hazdan bio + Rebbe directive verbatim, TA founding weighted 1979, Mendel Goldman flag",Bacher lane block 45
01-Chaikin/02-Tree-and-data/Chaikin-tree-data-working-v1.30.zip,159235,ddbf4c1ef20ba9baefffbbc869caea9aaea52cca9f5376ad945c05475a44d1d8,"working tree data v1.61 (208 people, 224 sources): block-45 TA verification - per_dovid_hazdan (Rebbe directive verbatim), TA founding weighted 1979, lead_051; 'user-confirmed kinship' claim checked vs channel record and corrected to entry-sourced",Bacher lane block 45
01-Chaikin/02-Tree-and-data/Chaikin-tree-data-working-v1.30.zip,159840,08a301de0fdf137b20afd20687c57a4d7c0241b5675e17444fa4e24bd2ee4999,"working tree data v1.62: kuntres sweep complete - ch.7 Interior Minister audience + ch.8 Vaad Askanei HaKlal (snippet #4 now canonical, all four snippets canonical) + Feitelson identified",Lane A 6:21 PM block
01-Chaikin/04-Archive-records/Bacher-block46-goldman-brooklyn.zip,10393,963ffad6b16c5a4f70b9f92f559341cf646582e57d84fd7155f2a599604a23a2,"zip: Goldman-Brooklyn identification (6 artifacts incl. raw Russian source + translation): Solomon Goldman bio + qns.com street co-naming + nyjewishimprints + Trailblazers Koppel profile; Ratno shtetl",Bacher lane block 46
01-Chaikin/02-Tree-and-data/Chaikin-tree-data-working-v1.30.zip,161971,89ac3c8355b3f93c178552183fe913a9be9ec325c20022c5604ae3f7f54a5c36,"working tree data v1.63 (208 people, 227 sources): Zaida Shlomo = Rabbi Solomon Goldman (convergent ID, obit gap queued); Ratno parents; Trailblazers verbatim; conflicts visible",Bacher lane block 46
01-Chaikin/02-Tree-and-data/Chaikin-tree-data-working-v1.30.zip,162464,8dc0715edd5f29a21ce8c8453e88f9c87c2fee5f784c4ab3e73ed21d70b7a5bb,"working tree data v1.64 (208 people, 228 sources, 522 facts): master-doc re-upload integrated - kuntres Kehot printings per Otzar HaChassidim #344-345 (5th/6th numbering conflict printed visibly); src_otzar_hachassidim_344_345 added; Drive filename stays v1.30 by convention",Lane A 6:35 PM master doc re-upload
01-Chaikin/02-Tree-and-data/Chaikin-tree-data-working-v1.30.zip,162943,cb1eac177abb62805dcce4f4711fe22e86e52a571ad72ff40abe5ed2d7c81847,"working tree data v1.64.1: Lane A 6:49 PM negatives block - Surazh+Homel searched-negative (lead_052), sister-volumes queue (lead_053), lead_050 BM-1407 host-hunt status; statistics resynced; Drive filename stays v1.30 by convention",Lane A 6:49 PM block
01-Chaikin/02-Tree-and-data/Chaikin-tree-data-working-v1.30.zip,166115,13fa0d0f2d3b82095cae3d96c4ca3af09339e62af114e6029fcb75956486740b,"working tree data v1.65 (209 people, 231 sources, 533 facts): block-47 UCT Rootsbank West Park verified burials (Sorrel Ruch Aug-28 conflict weighed, Solly 9 Sep 1965, Chana/Annie 3 Mar 1994, elder Koppel 1912-1974, Issy 1938-1995, Rose 1913-1991, Alon 1969-2000) + Josef Bacher stone (UNPLACED) + Goldman SS Numident corroboration + lead_054; Drive filename stays v1.30 by convention",Bacher lane block 47
01-Chaikin/03-Blocks/block47-westpark-burials.zip,12086,332cc741299cb1543c8ce90ff41eeaf48bbbec9c70a899e01e1cfb6760271698,"block-47 raw lane package: UCT Rootsbank West Park Bacher results (7 burials, raw HTML + extract) + eGGSA + sortedbyname SS Numident",Bacher lane block 47
02-Warszawski/02-Tree-and-data/Warszawski-tree-data-working.zip,54875,09f83a053d52f3e3a8971acf29b9b172453f4a2e4748012a08f4dad953b0520b,"working tree data v1.18 (61 people, 89 sources): Larry Hersh 1984 USHMM oral history fully mined (RG-50.091.0080 transcripts 1-3 + summary) - parents (father b.~1896 perished Kaufering/Dachau, mother LEAH nee JANOWITZ), surviving sister Judy (Bergen-Belsen, US 1947), uncle Janowitz Cleveland; SIBLING-COUNT CONFLICT (his own 5 kids vs family 7 siblings) visible; Auschwitz date anchored to 26 May 1944 via Shavuot; 3Play auto-transcript caveat; leads 35-37",WRHS reply + USHMM pull 28 Sep
02-Warszawski/03-Archive-records/hersh-ushmm-oral-history-1984.zip,2869835,6b8fc8251d11d93a0ad234624394ba1690d58fabc739cf87313ca0f6df7e3492,"USHMM RG-50.091.0080 Larry Hersh 1984 oral history: 3 transcript PDFs + summary PDF + text extracts + catalog HTML (3Play auto-generated caveat per WRHS curator)",WRHS reply + USHMM pull 28 Sep
01-Chaikin/02-Tree-and-data/Chaikin-tree-data-working-v1.30.zip,170487,8de2f42d75117549425d3212fb98570e8b82a0c9420dd02ef6318a94f35be312,"working tree data v1.66 (210 people, 233 sources, 544 facts): block-48 Rokiskis yizkor - Chaye-Sore-Ite full chapter (verbatim rescue record), death-date conflict two-sided (Sep 28 yizkor vs Aug 28 registers), Yitzchak Alter bio verbatim (America episode, d.1923), necrology re-reading CORRECTION, Kopl==elder-Koppel MERGE CANDIDATE, Reb Zelig Rakishker UNLINKED + necrology/index sources + leads 55-56; Drive filename stays v1.30 by convention",Bacher lane block 48
01-Chaikin/03-Blocks/block48-rokiskis-yizkor.zip,246430,4262a252988c0280f3421cda2c8ed5194a02b231fa47fce7f6e163a9a5197d95,"block-48 raw lane package: Rokiskis yizkor Chaye-Sore-Ite chapter fulltext + necrology extract + raw rok190/rok900 HTML + official name-index PDF",Bacher lane block 48
01-Chaikin/02-Tree-and-data/Chaikin-tree-data-working-v1.30.zip,170235,a7aa7932a33c2bc28b8f4edb07253721d6dee2494a6b1e39c8637e2cb713ec75,"working tree data v1.67 (209 people, 233 sources): elder-Koppel MERGE executed (parent-approved) - per_kopl_bacher absorbs West Park elder (1912-1974, ben Yitzchak Halevi, T-577); merge basis + named-while-uncle-lived flag visible; q_032 points to Avraham Koppel Ruch d.1904; Drive filename stays v1.30 by convention",parent go 7:11 PM
01-Chaikin/02-Tree-and-data/Chaikin-tree-data-working-v1.30.zip,172716,5c0b3bf89feb7b582eec0641779ab46b1a6fcae239da562f531a116d545d6efb,"working tree data v1.68 (209 people, 233 sources, 61 unions, 554 facts, 61 leads): block 49 Rokiskis Ruch - Zelig duplicate consolidated (visible correction) + rok145 second account (father Reb Mikha estate-lessee; Lomza-vs-Vilna death conflict two-sided), Pesach partnerships (Khone Arsh + iron business, tentative), NEW per_berl_ruch (b.1919 Kurkletz, JHB landsmanschaft vice-chairman; unlinked candidate), Rachmiel 1927 group photo fact + disambiguation, lead_057 Reb Shmuel Lubavitch NY, lead_055 negatives; statistics fully resynced (visible corrections); Drive filename stays v1.30 by convention",Bacher lane block 49
01-Chaikin/04-Archive-records/Bacher-block49-rokiskis-yizkor-ruch.zip,186074,1924088c2340a64240c173cfa6a7498abeed1ce9033fbc6b59b80a30cb20b07d,"zip: Rokiskis yizkor Ruch remainder - rok145 Zelig second account, rok029 Pesakh Ruch market business + 1927/1925 group-photo captions, rok205 carriage (verified already integrated), rok452 landsmanschaft (Berl Ruch profile + officer lists + 1937 shadar committee + 1949 yizkor commission), negatives Bacher@97/186-187/543 + 7 period photos (rok033a-c, rok039a-b, rok041a-b)",Bacher lane block 49
01-Chaikin/02-Tree-and-data/Chaikin-tree-data-working-v1.30.zip,173081,fdb31043d8a5345bebf6dd2d8279762682108cdd12460b9b19ec32fe9b714bb5,"working tree data v1.68.1: block-50 status patch - NEW lead_058 (jhbchev grave-search POST contract unlocked; after-midnight Koppel/Selma/Bacher sweep planned; 4-archive West Park negatives), lead_helen_maiden_candidates NYC marriage-index 1930-1995 negative; no content changes; Drive filename stays v1.30 by convention",Bacher lane block 50
01-Chaikin/02-Tree-and-data/Chaikin-tree-data-working-v1.30.zip,176738,33ff146e1e65d9f2cf2adedc3901ac0f863c1802850d2a12e3ac97a065d5c30a,"working tree data v1.69 (211 people, 237 sources, 564 facts, 55 events, 62 leads): block 51 - IGRAYAZ v16 #621 Rayatz rescue-ransom letter to Rokiskis an"sh + printed footnote (Levitin rav 5666-5675), corpus sweep (Milwaukee/Sheboygan, Brooklyn Feb 1940 telegram, chief-rabbi-of-Georgia), lead_057 RESOLVED (Reb Asher = Asher Margolies, two-source, caveat kept), NEW context persons R' Betzalel + Dr. Zelig Orelovitch (JHB-offer what-if), evt_5689_levitin_rescue, q_037 Halevi flag; Drive filename stays v1.30 by convention",Bacher lane block 51
01-Chaikin/04-Archive-records/Bacher-block51-rakishok-levitin-igrayaz621.zip,3305,1a2aa886fb4588d349c08c7bbd94affb9c6dce8f6e408aaf955dfadaf151960f,"zip: IGRAYAZ v16 #621 full Hebrew + printed footnote + translation + Levitin corpus sweep (chabadlibrary) + Rokiskis rabbinic chain (Levitin 1906-1915 -> Betzalel by 1920 -> Orelovitch last rav) + Halevi flag",Bacher lane block 51
01-Chaikin/02-Tree-and-data/Chaikin-tree-data-working-v1.30.zip,176846,77da3991a36578f7f9a90072a652f44501d7bceb32d927753a255c2ed72bb203,"working tree data v1.69.1: book-review precision - corpus_wide_uniqueness fact amended (visible PRECISION clause): uniqueness = only hit in the searched digitized chabadlibrary corpus for the three tested spellings, not an exhaustive historical negative; no content changes; Drive filename stays v1.30 by convention",parent source-strength review
01-Chaikin/02-Tree-and-data/Chaikin-tree-data-working-v1.30.zip,178631,0b1cd24d6bcc8a352bd3ca507db5b0e33990413d36212cc1c87539a273b3ea9c,"working tree data v1.70 (212 people, 62 unions, 237 sources, 571 facts): block 52 - COLlive Selma obit: NEW WIRED per_ita_yehudis (Selma's maternal grandmother; Lubavitch Ladies Auxiliary fundraiser for the Frierdiker Rebbe's rescue - the user's remembered lead confirmed in print), Selma founders_role + commenter tributes, lead_helen_maiden_candidates priority raised (two generations) + COLlive negatives; Drive filename stays v1.30 by convention",Bacher lane block 52
01-Chaikin/04-Archive-records/Bacher-block52-selma-collive-obit.zip,28938,8a59ce8ee6c57fcb87c91036e4d4d5bde08cfe7beb0f0c2429559940fad57665,"zip: COLlive Selma Bacher obit (3 May 2021) full text + Ladies Auxiliary rescue line + commenter verbatims + obit portrait selma-bacher-collive-2021.jpg",Bacher lane block 52
01-Chaikin/02-Tree-and-data/Chaikin-tree-data-working-v1.30.zip,180058,94bca5af737672df26ce62f0eb62e9ec2944a7e0d3d31d370fc2cb4cc95e9521,"working tree data v1.71 (212 people, 240 sources, 572 facts): block 53 - Solomon Goldman co-naming official record (NYC Local Law 2008/48, nycstreets registry verbatim), sign-location conflict RESOLVED (strip LIE-to-67th official vs 65th Ave ceremony corner), tenure 36-vs-35 rounding visible, Kadinsky/Queens Jewish Link second account + 6442 Utopia Pkwy corroborated, obit-hunt negatives on lead_031; Drive filename stays v1.30 by convention",Bacher lane block 53
01-Chaikin/04-Archive-records/Bacher-block53-solomon-conaming-official.zip,6182,0fdf286943b54752d459615b6dd8e0798a232e26906fd01f836a480f2905a26f,"zip: NYC Local Law 2008/48 co-naming record (nycstreets.info) + Queens Jewish Link Kadinsky article + clergy-directory address + obit-hunt negatives documentation",Bacher lane block 53
01-Chaikin/02-Tree-and-data/Chaikin-tree-data-working-v1.30.zip,180278,eab2f59f91e7bcc9732b1fc6abff7aa27145b68dd43b514a1d450fe94bc7ff8a,"working tree data v1.71.1: corrected Goldman sign photo archived (visually verified Utopia Pkwy / RABBI SOLOMON GOLDMAN WAY / 65 Av); mislabeled Laks-sign image excluded (correction printed); Drive filename stays v1.30 by convention",Bacher lane block 53 supplement
01-Chaikin/04-Archive-records/rabbi-solomon-goldman-way-sign-qjl-CORRECTED.jpg,250785,febad6ab817d92d0f5f246c9318bc951baf1ed8539b0d1ba26d0e07b55b6b844,"street-sign photo (Kadinsky, Queens Jewish Link Aug 2022), visually verified: Utopia Pkwy / RABBI SOLOMON GOLDMAN WAY / 65 Av - replaces the mislabeled 70.jpg (Laks sign) which was excluded",Bacher lane block 53 supplement
01-Chaikin/02-Tree-and-data/Chaikin-tree-data-working-v1.30.zip,184283,4661067430c76d84a1d1af9fab3ec33936957975c247ae3a7d16c525167ff787,"working tree data v1.73 (213 people, 63 unions, 239 sources, 590 facts, 63 leads): block 55 SAJR verbatim sweep - Mandela-day message fullest verbatim already present (dollars_preface), NEW variants fact (Jul 2020 + Jul 2019 shorter wordings, Goldman disintegration quote), SAJR-2022 Koppel bio detail (qualified rabbi who chose the family business; official-office push; nine-years-later 1964 weighing), Selma tribute photo + ~1988 teaching-start inference, Yossi Chaikin SAJR bylines x2 (kinus 2024, KZN 2025), Yossy Goldman surname cross-flag, lead_059 Itta Bacher (no contact); PRECISION: direct_line_anchored now attributes the direct-line claim to Chabadpedia as one community wiki (parent book-review note); dedupe: block-55 items 1/2/4 were already integrated (kinus_2024_dedication, dollars_preface, first_yahrzeit) - my duplicate sources removed, and two pre-existing duplicate source records (src_chabadpedia_berl, src_igros_27_10335) collapsed, printed here visibly",Bacher block 55
01-Chaikin/04-Archive-records/Bacher-block54-rok452-profiles-verbatim.zip,59029,32d49b2f833bf06692e05d6af94a7e607fd89c3e1e5f8e6f57a75cd9f2cfdde9,"zip: rok452 verbatim extraction (Chaim Shaul + Kopl Bacher profiles, Berl + Liba Ruch profiles, committee lists, survivor-list Ruch entries) + source page HTML",Bacher lane block 54
01-Chaikin/04-Archive-records/Bacher-sajr-block55-koppel-selma-articles-verbatim.zip,965612,cf8b00550652afb533accfb675e41e89f8513da82c972267ec7e4b1c5d6751df,"zip: verbatim texts of 6 SAJR articles (kinus 2024 Yossi Chaikin byline; do-not-be-afraid Apr 2022; how-the-rebbe-saved 2020; visionary-advice 2019; lipskars-50-years Jan 2022; chabad-shluchim-KZN Jun 2025 Yossi Chaikin byline; Selma Nach tribute Feb 2022) + sajr-selma-tribute-photo-2022.jpg (955KB)",Bacher block 55
01-Chaikin/The-Chaikins-family-edition-v8.pdf,7890415,6bcba21da678b466d5b61ee78857dbcbf2b59321cf92fe6f6b7036847946f5bf,"The Chaikins - family edition v8 (149pp): NEW chapters - the attendant of the Tzemach Tzedek (Nevel), the Georgia network, Zaida Shlomo Goldman + street-sign plate, the elder Koppel (merge resolution printed), Sorrel of Rokiskis (Klass chapter), Yitzchak Alter, the last rabbis of Rokiskis (Levitin/Betzalel/Orelovitch), Reb Zelig Rakishker, the landsmanschaft (Berl+Liba Ruch), Torah Academy; extensions - Solly (rok452), builder (SAJR 2022), dollars (full Mandela message verbatim), Selma (COLlive obit/comment thread/33 years/Nach tribute + portrait plate); Westpark register table page + cousin-to-brother correction printed; centerfold Row A0 added (Yitzchak Alter/Sorrel, Louis/Rachel Lea); letter-261 erratum fixed; afterword third cut; notes+sources extended (18 persons); colophon 213/239. gs-compressed for Drive; print master local",book v8
02-Warszawski/01-Manuscript/The-Warszawskis-family-edition-v6.pdf,3159636,e38a1e95cdd9c6abaee7c8b90c3f7f91238856ad1723365da2514fec27305f8d,"The Warszawskis - family edition v6 (71pp): NEW chapters - The Kogen question (Elka nee Kogen; Rabbi Meyer Kogen candidate 1954 JCF guest + 1955 Hebrew-teacher instructor, kevarim stone 1888-1973 Mount Olive Solon; kinship unproven, candidate prose) and Zeidy Larry's war (the 1984 USHMM Fortunoff oral history RG-50.091.0080 fully mined: Khust childhood, Prague scholarship canceled 1938, aliyah certificate given away 1942, Khust ghetto, Kelety army call-up, Nagybanya bread wagon, Auschwitz 26 May 1944 prisoner 8485, Warsaw camp on the ghetto ruins, Aug 1944 death march via Kutno to Dachau, Landsberg/Kaufering, liberation 38 kilos, mother LEAH identified, Bricha/Altalena, 1956 Cleveland; 3Play caveat = short quotes only); Zelkinds ch extended (Mordukh 1996 Plain Dealer verbatim + Z6-6-110/111 plot adjacency); Zeidy Larry ch extended (five-vs-seven sibling conflict + pointer); NEW notes-and-sources per-fact section (10 persons, parity with the Chaikin volume); records consulted += AJA ms4787 + kevarim + USHMM mining note; afterword second cut; colophon 61/89/6. gs-compressed for Drive; print master local",book v6
01-Chaikin/04-Archive-records/Bacher-block56-sajr-collive-shaul-yossi-ta.zip,13916,8cb039fb1f05f045d77639392ef4d9fe9ae7e5a93494163d28f0e190d555783e,"block 56 (Sep 28): SAJR Rom twins funeral 2022 (Rabbi Shaul Bacher officiated; drug-rehabilitation work), SAJR Rabbinical Association 2019 (Yossi Chaikin elected chairman late 2018; Sholem Bacher on executive), COLlive SA Chabad Marks 40 (2012; Bernhard+Bacher framework recognition; Shevat 5732 start; Harrow Rd/Harley St), Wikipedia TA extract, TA Annual Report 2023 negative; lane extracts for two items were truncated/empty - full pages re-fetched and included (FULL-fetch files); integrated tree v1.74.0",block 56
01-Chaikin/04-Archive-records/Bacher-block57-vinnews-anash-richter-selma.zip,4232,see-drive,"block 57 (Sep 28): VINnews Selma shiva notice (May 4 2021; Hebrew name Sima Rania bas Shlomo in print; shiva-sitter map incl. siblings Dovid Goldman + Rachelle Weiner), anash.org obit (May 3 2021; Selma PRESENT at the 11 Feb 1990 encounter in print), youraliyahadvisor.com Richter tribute (May 3 2021). Mostly pre-integrated from block 52; deltas: anash presence-corroboration fact + Helen second-wife reading made explicit. Tree v1.74.1",block 57
01-Chaikin/04-Archive-records/Bacher-block58-igros-harayatz-africa-letters.zip,6298,see-drive,"block 58 (Sep 28): three Igros HaRayatz Africa letters with full Hebrew verbatim + footnotes + API refs - v16 v'kand (12 Adar II 5689, founding directive for Lithuania-SA Chabad work), v17 v'rez (14 Marcheshvan 5691, SA taharas-hamishpacha via Chief Rabbi Hertz), v16 hei'taslu (25 Kislev 5688, Hertz network). Corpus note: Rayatz digitization ends at vol 17; Bacher spellings negative. Integrated tree v1.75.0 (246 sources)",block 58
01-Chaikin/04-Archive-records/Bacher-block59-jewishlife-trailblazers-2024.zip,4207,see-drive,"block 59 (Sep 28): Jewish Life Magazine The Trailblazers (David Saks, Aug 6 2024) full verbatim - Koppel bio capsule. Mostly pre-integrated; deltas: unsung-heroes verbatim, Shavuot loose-date flag, 1964 return second-source weight, Paul Bacher conflation guard. Duplicate Trailblazers source merged (src_jewishlife_bacher_2024 removed). Tree v1.75.1 (245 sources)",block 59
01-Chaikin/04-Archive-records/Bacher-block60-qns-goldman-way-2009.zip,1579,see-drive,"block 60 (Sep 28): QNS Apr 1 2009 (Nathan Duke) full verbatim - Utopia Pkwy co-naming. Deltas: Helen ALIVE March 2009; 59-years conflict sharpened (marriage ~1947-50 cannot produce Selma b.1943; first-wife hypothesis + resolution paths logged); Menachem Weiner grandson inference on per_rochel_weiner. Tree v1.75.2",block 60
01-Chaikin/04-Archive-records/Bacher-block61-igros7-1735-yiddish-fulltext.zip,2180,see-drive,"block 61 (Sep 28): Igros Kodesh v7 #1735 full Yiddish verbatim + footnotes (API 1200810025). Letter already integrated (blocks 38/40, incl. corpus-uniqueness upgrade); deltas: Yiddish-style passage fact, 1890=1735 cross-ref, clean second full-text copy archived. Tree v1.75.3",block 61
01-Chaikin/04-Archive-records/Bacher-block62-collive-koppel-obit-2024-portrait.zip,69641,see-drive,"block 62 (Sep 28): COLlive Koppel Bacher obituary Apr 2 2024 full verbatim + verified portrait (memorial composite, COL LIVE watermark; visually verified). Deltas: 1930 Ruch-visit anchor in print (1930-vs-1931 variant kept), Hebrew name in print (Avraham Koppel Ben Chaim Shaul Zeev Halevi), portrait archived for v9. Tree v1.75.4",block 62
01-Chaikin/04-Archive-records/Bacher-block63-jhbchev-registry-7-stones.zip,4725871,see-drive,"block 63 (Sep 29): jhbchev Bacher registry dump + 7 stone photos + 3 zooms - E-283 Sorrel (bat R Avraham Koppel), T-577 elder Koppel (ben Yitzchak Halevi; merge basis stone-confirmed), E-5-B Issy, E-9-B Alon, P-36-C Yudel (b. 28 Jun 1938 NEW), P-44-B Rose (19-vs-18 Tamuz), W-867 Avi (unlinked 2nd Lubavitch Halevi branch); E-1072 family plot map; Minnie (d. 2024) + Maurice (d. 2020) Daniels deaths; Chaikin surname zero burials negative; all 3 headliner stones re-verified visually by me. Tree v1.76.0 (214/246/621)",block 63
64,findagrave-goldman-stones-block64-2026-09-29.zip,FindAGrave memorials + Wieder stone photos: Solomon & Helen Goldman, Mount Judah (Armet plot) - Selma parentage RESOLVED,Chaikin,Bacher block 64,2026-09-29,1hZpri3o5cvJr3Hv0HABuk5QNe5u3o9GB
A1,laneA-block1-shimon-menashe-toldot-chabad-2026-09-29.zip,Toldot Chabad ba'Aretz haKodesh ch.14 - full Shimon Menashe biography verbatim (chabadlibrary JSON),Chaikin,Lane A block 1,2026-09-29,1jtWT0nX_31zzdI9lPT7hmxYDrUl6EPQK
A2,laneA-block2-jem-azriel-clips-2026-09-29.zip,JEM Algolia media transcripts + photos.jemedia.org metadata: 1954 accident, No Place too Far, Stay Put, 25 Azriel photos,Chaikin,Lane A block 2,2026-09-29,1hQoJCCk1QV8vhCx_8G-0ifbt_ooYou2y
65,jem-hms170-koppel-bacher-block65-2026-09-29.zip,JEM Here's My Story #170 Nothing to Fear - pamphlet PDF + verbatim: farm letters, Ruch family, Greenglass story, shiduch,Chaikin,Bacher block 65,2026-09-29,1kctx6aGIcQ45OdQ2yY3PFgq8b0K9FmAE
66,igros-harayatz-bacher-search-block66-2026-09-29.zip,Igros HaRayatz 17-vol complete Bacher search: method writeup + proof pages - Queue H closed (negative),Chaikin,Bacher block 66,2026-09-29,1l08uDP8C0VBCgzBoKgvHEBRQuz8FLG18
67,jem-koppel-videos-block67-2026-09-29.zip,JEM dollar-video metadata + thumbnail, JEM.tv films, anash.org 2021 corroboration verbatim,Chaikin,Bacher block 67,2026-09-29,15jnTk1N5bcov2gg1b6QZgQaHW2fi9bC0

P1,PERMISSIONS-LOG-chaikin-book.md,Chaikin book permissions log - living record (Eitan Shelach memoir grant 29 Sep 2026 + v-final review gate),Chaikin,ownership integration,2026-09-29,1MPUXcrAEhbu2mviSi9R2fNNP0osScNwo69,greenberg-maiden-solved-block69-2026-09-29.zip,FamilySearch NUMIDENT proof + writeup: Helen nee Greenberg SOLVED, parents Cusha+Dora Mollin, Armet H1/H2 dead,Chaikin,Bacher block 69,2026-09-29,1Bu-ED6JfFgctwiZrK-pmfuwJiTjLjTlH

A3,dribin-topo-bookcrop-1to100k.jpg,Dribin topo map book-grade crop (Soviet 1980s, maps.vlasenko.net) - v9 Dribin map plate candidate,Chaikin,Lane A wrap,2026-09-29,1T04DF2k2vkkP87chETOm-fAJ6XaWapX4
A4,dribin-topo-full-100k-sheet.jpg,Dribin full 1:100k Soviet topo sheet (maps.vlasenko.net),Chaikin,Lane A wrap,2026-09-29,1xs-nvmBjJdOnQe17zozAhCW9ZVl-M-_2
A5,dribin-regional-200k.jpg,Dribin regional 1:200k Soviet topo sheet (maps.vlasenko.net),Chaikin,Lane A wrap,2026-09-29,19dXQWVcdXrgU2KKXchV0qV0EJAbteB8s
A6,azriel-crown-heights-portrait-chabadpedia.jpg,Azriel Chaikin Crown Heights portrait (Chabadpedia, lane-verified),Chaikin,Lane A wrap,2026-09-29,1jTWOuYzML6DRX2akP_NK7JKLNRXRNmtW
A7,azriel-agadir-1956-group-chabadpedia.jpg,Agadir 1956 group photo (Chabadpedia, lane-verified),Chaikin,Lane A wrap,2026-09-29,1G1Mk6AdpobKlUcJonSwSOmSdUpGuWKqP
A8,chaikin-family-photo-chabadpedia.jpg,Chaikin family photo (Chabadpedia, lane-verified),Chaikin,Lane A wrap,2026-09-29,1Qt8Seh8gYKUiinop05FBb22MZC16nXeO
A9,moshe-chaikin-chabadpedia.jpg,Moshe Chaikin photo (Chabadpedia, lane-verified),Chaikin,Lane A wrap,2026-09-29,1o9MDCBjkx_9710M2XNAUQxw94w09Ob4K
A10,menachem-mendel-chaikin-chabadpedia.jpg,Menachem Mendel Chaikin photo (Chabadpedia, lane-verified),Chaikin,Lane A wrap,2026-09-29,1kEo5r5mU7RF_YW3uUJ0LoBhtW2muxjGa
A11,chaikin-5702-wartime-chabadpedia.jpg,5702 wartime photo (Chabadpedia, lane-verified),Chaikin,Lane A wrap,2026-09-29,1WHi5q3wTWG0Q7WFqmbo3er0a37FSmkXS
70,kusie-greenberg-declaration-block70-2026-09-29.zip,Kusie Greenberg 1922 Declaration of Intention screenshot + transcription (origin town Ozarice unresolved),Chaikin,Bacher block 70,2026-09-29,1b6T_Kxvp6tzvVR6L4zjkrsD_J93Lr5HO
71,greenberg-1920census-block71-2026-09-29.zip,1920 Greenberg census full sheet + notes: two-stage migration, Sylvia=Selma, Helen 11/Ettie,Chaikin,Bacher block 71,2026-09-29,1vOtS7tQeQty5VRepjOou6eCEPH4MDTWm
72,newmontefiore-greenberg-block72-2026-09-29.zip,New Montefiore interment captures: Kusie+Dora adjacent graves, Cong Anshe Azaritz - Ozarichi RESOLVED,Chaikin,Bacher block 72,2026-09-29,182ffr_Bk1sRDNGdsZhRIhL7nIv1OM53q
73,greenberg-census-arc-block73-2026-09-29.zip,"Greenberg census arc 1930/1940/1950 verbatim notes: Sylvia=Selma confirmed, name-variant ledger, conflict sets, infant-loss lead",Chaikin,Bacher block 73,2026-09-29,1t4oRl37UABL-aBK01MX3nWvrZd-ROzaL
74,greenberg-double-stone-block74-2026-09-29.zip,"Greenberg double stone photographed + read (FindAGrave): both Hebrew sides, dates checked, both fathers Yitzchak unresolved",Chaikin,Bacher block 74,2026-09-29,1KZar7OdNvfDqAdbBtO0F5WotP3nF8vbm
75,greenberg-1915census-helencert-elka-block75-2026-09-29.zip,"1915 Husie census (Sam unresolved), Helen NYC birth cert (father Julius), infant Elka death cert documented",Chaikin,Bacher block 75,2026-09-29,1ZHtejc-0Q9G3VHf6ylyz1RYOz1o0D-hz
76,goldman-graves-mountjudah-block76-2026-09-29.zip,"Goldman graves Mount Judah: Solomon+Helen footstones, Yarmetsky/Armet monument + plot view (plot membership open question)",Chaikin,Bacher block 76,2026-09-29,1QDhqS5jjdUi6CzUeSxJCiNjG-0tutIsi
77,selma-jhbchev-identity-clarification-block77-2026-09-29.zip,"jhbchev Selma Bacher record screenshot + identity clarification (born Goldman, bat Shlomo; census Selma = great-aunt Zbor)",Chaikin,Bacher block 77,2026-09-29,1v5UME4JAUTdoR7cC-M3RHpgplkpuoZUA
block78-jhbchev-solly-and-1974koppel.zip,1e5ZrzSkEcCqaHvpiLAfuWbPgWOXazJxF,Chaikin/archive,zip,2026-09-29,"Block 78: jhbchev Solly Bacher DB record + T-577 Koppel Bacher stone photo/Hebrew crop + notes"
chaikin-tree-pkg-v193.zip,1o53U0DWbLZvLMNj4ts53BDfFWu2BAKQP,Chaikin/archive,zip,2026-09-29,"Tree package v1.93.0 (block 78 integrated): 219 persons, 272 sources, 708 facts, 40 open questions - updated in place"
block79-koppel-collive-obit-verbatim.zip,1QOZjaPe0FtWrygb8jcmnNCXBV1L_CuZ_,Chaikin/archive,zip,2026-09-29,"Block 79: COLlive Koppel Bacher obituary verbatim capture + JEM quotes + analysis notes"
chaikin-tree-pkg-v194.zip,1o53U0DWbLZvLMNj4ts53BDfFWu2BAKQP,Chaikin/archive,zip,2026-09-29,"Tree package v1.94.0 (block 79 integrated): 219 persons, 272 sources, 712 facts, 40 open questions - updated in place"
block80-sayr1945-solly-yearbook-and-rukh-ald.zip,1BxjYMade2303Yu_70_rCO991t4Ql6oUT,Chaikin/archive,zip,2026-09-29,"Block 80: SAYR 1945 yearbook Solly Bacher entry scan + verbatim + Rukh ALD sweep part 1"
block81-rukh-ald-full-sweep.zip,1WwFzsHDgLv5i655S5IsJr-WpVBX53wCh,Chaikin/archive,zip,2026-09-29,"Block 81: Rukh ALD full sweep - births/deaths/marriages/taxpayers/JOWBR with KRA-LVIA refs"
chaikin-tree-pkg-v195.zip,1o53U0DWbLZvLMNj4ts53BDfFWu2BAKQP,Chaikin/archive,zip,2026-09-29,"Tree package v1.95.0 (blocks 80-81 integrated): 219 persons, 273 sources, 724 facts, 66 leads, 40 open questions - updated in place"
block82-rukh-revision-lists-full-and-master-tree.zip,1lC-oMZW2RQtMnHwxWTjnoclqiW8ot_0I,Chaikin/archive,zip,2026-09-29,"Block 82: Rukh revision lists 144 records complete + working master tree gens 1-5"
chaikin-tree-pkg-v196.zip,1o53U0DWbLZvLMNj4ts53BDfFWu2BAKQP,Chaikin/archive,zip,2026-09-29,"Tree package v1.96.0 (block 82 integrated): 219 persons, 273 sources, 729 facts, 68 leads - updated in place"
block83-marriage-hunt-negative.zip,1LKfenR5NyNfnW0E-iXo4YQ0S79oL7HJ0,Chaikin/archive,zip,2026-09-29,"Block 83: targeted Bacher-Rukh marriage hunt negative (571 records) + mechanics note"
chaikin-tree-pkg-v197.zip,1o53U0DWbLZvLMNj4ts53BDfFWu2BAKQP,Chaikin/archive,zip,2026-09-29,"Tree package v1.97.0 (block 83 integrated): 219 persons, 273 sources, 731 facts - updated in place"
block84-bacher-memorial-ad-1952.zip,1u7NAenN9208C9h7-zS6Yf31qI8ihWbtS,Chaikin/archive,zip,2026-09-29,"Block 84: 1952 Rokiskis yizkor memorial ad p553 - Bacher lineage primary source + identification chain"
chaikin-tree-pkg-v198.zip,1o53U0DWbLZvLMNj4ts53BDfFWu2BAKQP,Chaikin/archive,zip,2026-09-29,"Tree package v1.98.0 (block 84 integrated): 223 persons, 273 sources, 744 facts, 70 leads - updated in place"
chaikin-tree-pkg-v199.zip,1o53U0DWbLZvLMNj4ts53BDfFWu2BAKQP,Chaikin/archive,zip,2026-09-29,"Tree package v1.99.0 (parent-approved merge + Shaul stub): 223 persons, 273 sources, 745 facts, 64 unions - updated in place"
chaikin-tree-pkg-v200.zip,1o53U0DWbLZvLMNj4ts53BDfFWu2BAKQP,Chaikin/archive,zip,2026-09-29,"Tree package v2.00.0 (block 85: 2 new leads, q_035 amendment; 223 persons) - updated in place"
bacher-lane-block85-yizkor-biographies.zip,1JJJBKaOMym7lbCbDMinVpcPC8g3fsLGI,Chaikin/archive,zip,2026-09-29,"Block 85 raw: Rakishok yizkor biographies (Chaye-Sore-Ite rok190, Yitzchak Alter rok192, Solly/Kopl rok452) - mostly pre-existing, 2 new leads"
bacher-lane-block87-igros-index-sweeps.zip,1Nqv3aHhVF9Q_FJ-vMpD47AdSx_SdewRQ,Chaikin/archive,zip,2026-09-29,"Block 87 raw: Igros Kodesh FR index sweeps - 2 verified negatives (vols 1-12, XIV), vol 13 Rokiskis letter read, page scans"
bacher-lane-block88-igros-vol12-letter408.zip,1fGBHvIQgkcvrGr-U0LA9WiIJMPgUoKkw,Chaikin/archive,zip,2026-09-29,"Block 88 raw: Igros vol XII letter 408 read (FR's Lithuania correspondent, 14 Sivan 5700) - lane-labeled non-Bacher network color, log only"
chaikin-tree-pkg-v201.zip,1o53U0DWbLZvLMNj4ts53BDfFWu2BAKQP,Chaikin/archive,zip,2026-09-29,"Tree package v2.06.0 (block 95: RootsBank West Park sweep, Chana/Rose/nextgen candidates, death-date 2:1 for Aug, grave-photo reframing, unlinked Josef Bacher; 224 persons / 276 sources) - updated in place"
bacher-lane-block89-igros-vol12-rokiskis-rade.zip,11CUFm9U_I4NMF-D0eAQBmIVHDGBh7beN,Chaikin/archive,zip,2026-09-29,"Block 89 raw: Igros vol XII Rokiskis places-index row + 1940 J. Rade letter pages (non-Bacher town color)"
bacher-lane-block90-igros-vols15-17-index-sweeps.zip,1oOPi5oLF1DX9q_BqkvloQZbbk6kcgLwK,Chaikin/archive,zip,2026-09-29,"Block 90 raw: Igros vols XV-XVII people/places index sweeps - negatives confirmed EXCEPT vol XVI places p618 lists Rakshik (pp397/484/721 anash), lane miss corrected on scan"
bacher-lane-block91-igros-vol16-rokiskis-refs-yizkor-lead.zip,10FxaWRS8GUq5bAFNLoU92vFLrRGSfIT1,Chaikin/archive,zip,2026-09-29,"Block 91 raw: Igros vol XVI Rokiskis refs confirmed+read (letter 727 Anash Rokiskis 1929, Adar 1931 visit footnote; Levitin letters 205/206); archive.org yizkor lead"
bacher-lane-block92-yizkor-original-scans-ad-photo.zip,1FG3ggFvjxKqrTuriyvA_CG3WqaT1xX-G,Chaikin/archive,zip,2026-09-29,"Block 92 raw: original 1952 Rakishok yizkor scans (archive.org nybc303926) - memorial ad p.555/leaf 560 + grave photo, bios leaf 195ff, profiles leaf 495; Shaul patronymic three-way conflict surfaced"
bacher-lane-block93-portraits-bio-shaul-roster.zip,,Chaikin/archive,zip,2026-09-29,"Block 93 raw: yizkor portraits (Yitzchak Alter, Chaye-Sore-Ita, Solly, elder Koppel) + p.191 bio/p.104 roster/p.491 plate page scans, archive.org nybc303926"
bacher-lane-block93-portraits-bio-shaul-roster.zip,13XzLK9WayuIc-6xQ6U90p6gHmfaYeb5C,Chaikin/archive,zip,2026-09-29,"Block 93 raw: yizkor portraits (Yitzchak Alter, Chaye-Sore-Ita, Solly, elder Koppel) + p.191 bio/p.104 roster/p.491 plate page scans, archive.org nybc303926"
bacher-lane-block94-translation-sweep.zip,16wKLJKdkINQT5MefREVWlwkOuGC5-G4R,Chaikin/archive,zip,2026-09-29,"Block 94 raw: 34-file English yizkor translation sweep proofs (rok099/145/190/452/900 HTML) + verbatim notes; mostly confirms existing coverage"
toldot-chabad-baaretz-ch9.txt,1N_si-C4wJ7Zbw3IL9EDogh56Xr0-nXRA,Chaikin/archive,txt,2026-09-29,"Toldot Chabad ba'Aretz ch.9 full Hebrew chapter (chabadlibrary): Shimon Menashe 1843 shtar hashraah, Horowitz 5586 gloss, Hebron shadarut"
bacher-lane-block95-rootsbank-obits.zip,1x1ml7K6bHCEvct8ow2qsmSc5tpdcqxYx,Chaikin/archive,zip,2026-09-29,"Block 95 raw: RootsBank West Park Bacher sweep (7 burials), eGGSA page, COLlive/anash obit stubs + verbatim notes"
block140-252d47e7.zip,10uAieicPoRH7J0shKDQMsCFIqFuurkZa,2026-09-30,"JOWBR West Park BACHER x8 (capture-verified) + Floraine/Avraham-Jack/Natalie new records (tree v2.37.0)"
block141-20808241.zip,1pfWliFINRXP7SrV_bAqYvy25-sxXwmgg,2026-09-30,"LitvakSIG All-Lithuania Rokiskis RUKH clan verbatim records (mostly duplicative of blocks 80-82 wiring)"
block142-f55a92d4.zip,1p90muxZhXPvEnCSTSAaHNbZc106lS3ij,2026-09-30,"Yizkor leaf 109-110: Shoul Bacher yeshiva roster (transcription corrections + age tension) + Yerachmiel Zionist leader (tree v2.37.0)"
block143-c9d18a6a.zip,1ffAl8D6AZiic8mf5vfwaCDpzoAkIGUWP,2026-09-30,"Yizkor OCR sweep + 5 memorial ads: print 554 year-glyph 6x re-verified 5665/1904 (lane 5688 rejected); print 585 sibling correction; print 592 family wired (tree v2.37.0)"
block144-ddcfb8f5.zip,1eTQqu-doRHlQp7cJ0-YaPcdK53i7B9px,2026-09-30,"JOWBR SA RUCH 14 records: 5 NEW wired (Michael/S-B/Brixton trio), Michael 27-Sivan-5702 exact-match kept OPEN (tree v2.37.0)"
block145-97ded376.zip,1gZtmGRUs45vmrJNvZrBtYYaZfRkzL7OV,2026-09-30,"Torah Academy AR2020-2022: Koppel Lubavitch Foundation co-head + Chinuch Hanhala + portrait (image-verified, tree v2.37.0); Shaul IT role held"
block146-93f94dce.zip,1CPJ7tmhh9by_mG_QjxSQQsz7uHWrEPfc,2026-09-30,"Kehilalinks Ruch pages via Wayback: near-fully confirmatory; Pesach Siberia-1952 photo caption (ruch4 verified, lane mismapped ruch9); Sonya survival path (tree v2.37.1)"
Aline3605-proof-d034dd5f.zip,1yew-W8POKvffr8E8kd075BRqtty-RkK-,2026-09-30,"Warszawski-side: Aline Garson act 3605 (Paris 17e, 16 Oct 1920) proof set - wired v1.23.0"
Caroline-Beneton-1852-proof-794476fc.zip,1c4-hR2RFEk02ms_DHnwuLhht0n0uOpkD,2026-09-30,"Warszawski-side: Caroline x BENETON 1852 package + 1855 death act - identity CLOSED as different woman"
M1-bride-9-20-proof-5e34d008.zip,1D3z77-k7tBwRaZYyt_r6md1fIaNYaJHU,2026-09-30,"Warszawski-side: M1 bride-band arr 09-20 Lamperiere coverage proof"
M1-coverage-478-a883c14e.zip,1WY0pkb_KGgyKBKw0TN6A-1CPnnK7KVnP,2026-09-30,"Warszawski-side: M1 Garson-band coverage proof (arr 01-08)"
Paris-block-Q4-hidden-table-proof-45c642d3.zip,14Vx_4rHGVr3t2DuLsSAT25BmJm3oaN_9,2026-09-30,"Warszawski-side: Q4 hidden-table proof"
Pre1860-Garson-cards-proof-a2ddc72d.zip,1RnjvxpbG-ftdlepFvwmUZq2RRPpRk88w,2026-09-30,"Warszawski-side: pre-1860 Garson band V3E/M414 7 cards self-read (no Antoine Joseph)"
Pre1860-Lamperiere-cards-proof-74842ed7.zip,1oKRfEHneg_jP9ZiiRrjWpQV9OGKnqDJH,2026-09-30,"Warszawski-side: pre-1860 Lamperiere band V3E/M566 20 cards self-read + pos-21 Caroline x Beneton card the lane omitted"
antoine-birth-card-proof.zip,1tpHAUF2tfmQQjxnvLbD_zNX_5baXZcf3,2026-09-30,"Warszawski-side: Antoine Joseph Garson birth card + reconstituted act 1832 + 1853 military sheet (identity as Caroline's husband UNPROVEN)"
chaikin-tree-pkg-v2371.zip,1o53U0DWbLZvLMNj4ts53BDfFWu2BAKQP,2026-09-30,"Chaikin tree package v2.37.1 (328 persons/319 sources/80 unions: blocks 141-146 wired incl. sibling correction + print-592 family + 5 JOWBR + Koppel TA enrichment) - updated in place"
block147-9681de54.zip,18XMiuR0-pCHf9N6fBrUjzIgWw1QkZ24G,2026-09-30,"1921 property register map6ag (cursive, Ruch-form candidates UNVERIFIED - needs cursive reader) + Torah Times covers (magazine interior unrecoverable online)"
block148-1b96480a.zip,1zfIceTXg0sYBbmgy-UHqfO9z_-LBVCAC,2026-09-30,"Chaikin block archive 148 (kehilalinks sweep 96/152 + Kevin Mayer trip report)"
block149-75964b1b.zip,1pm3kbgRPzrQsunRop84WAjThJ-oCaM7-,2026-09-30,"Chaikin block archive 149 (kehilalinks deep cuts: famous.htm + Leyba tree + Reuben memoir set)"
block150-6fc3ea92.zip,1eizOd3FvvBaO_ykTODoWW40BQD4vuNkU,2026-09-30,"Chaikin block archive 150 (street-scenes 3rd source Ruch house + deportations + YV victims)"
block151-31b53bdf.zip,117xW7bEy2ajZNSdB-QPFMP3j2N3EiUii,2026-09-30,"Chaikin block archive 151 (site capture complete 152/152; 1921 lots 24/44/161; Reuben memoir CONFLICT on Issachar+David)"
block152-c98ac6da.zip,1Mh93NqpnRCCdKE6DfQD05HJIytk74RSm,2026-09-30,"Chaikin block archive 152 (SA bridge twins + 1933 wedding photo + Len Charney = Meyer Ruch descent)"
block153-1ca2362c.zip,1WprCnUUDgl4XOFx3Q9gJDKIjIWPrUJ0Y,2026-09-30,"Chaikin block 153: live Kevin Mayer Part 2, clearer Yitzchak grave portrait, Salakas account and cemetery photos; integration queued; year reading unresolved"
block154-7bfeb98f.zip,1zzF0iUlZ4LgfkRZKk6QdddsnR81AcYPs,2026-09-30,Chaikin block 154: Reuben ruchfam six photos and captions; independent verification and coverage reconciliation queued
block155-696e9bf1.zip,1S4HemECng1J_SEdip6YBgjoDQ-v4wX_8,2026-09-30,"Chaikin block155: Kevin Mayer travelogue negative sweep, untrusted external consent-bypass attempt reported by main; verification queued"
beneton-death-proof-crop-b4b4e7eb.jpg,1Cp3sJOubwTxrPIKz56hm6j4s8uu4X2hZ,2026-09-30,Warszawski Beneton death date crop: avril 1855; full-source identity verification and qualified non-remarriage wording queued
Larry-Hersh-1984-transcripts-proof-d1d79b33.zip,1cPNt9MjAa_tT6gPNC-gZdV6FmP_VMj5B,2026-09-30,"Warszawski-side Larry Hersh 1984 testimony: transcripts/audio, sibling-count conflict and Leah/Janowitz inference queued for independent verification"
block156-409503a2.zip,1wI7mSOn9dBC-wtEjiwWwhYUvlKJ7WPJj,2026-09-30,"Chaikin block156: COLlive Selma and Koppel obits and photos; maternal grandmother rescue fundraising, sisters and chronology queued for verification/dedupe"
Parichi-Kogan-transcription-evidence-20260930.zip,1i-Fe48fwV8zpkl4xF3Lr1esANSDTiT7k,2026-09-30,"Warszawski Parichi Kogan database transcriptions and 1834 screenshot; no original scans, candidate households only"
block157-54ba3e96.zip,1ULCtG0TGHVXQ1rE5lU_SIpYvVpJde2Gs,2026-09-30,"Chaikin block157 DUPLICATE correspondence PDF sha256 identical to prior; lane notes contain superseded 5710 dating, v2.37.2 settled5709 governs"
block158-ff1dd496.zip,1T3CtpQg7-9In510IDsakbCjsMVImRhjH,2026-09-30,"Chaikin block158: Ladies Auxiliary organizational context PDF and texts; grandmother remains unnamed, independent source verification queued"
block159-7d8a828d.zip,1S3UUqvmhhZASn_TAqg716nkISOxe6Rxl,2026-09-30,"Chaikin block159: Selma shiva/SAJR tribute/anash obituary texts; recent shiva addresses private-source only, coverage-first dedupe queued"
block160-386b91b3.zip,1Z_5Crdht0prN5X80OvAHPHFWy_xgLVXE,2026-09-30,"Chaikin block160: six SAJR articles; Yossi Chaikin father-in-law byline, Chabad founding/return-date conflict, Koppel letter archival lead; verification and dedupe queued"
block161-99e7990f.zip,1KoFvpq11z7vVrO56xEa95hCF3bnWnYGj,2026-09-30,"Chaikin block161: Yossi Chaikin byline kinship/marriage, internal1951-v-ten-days-after-passing date conflict preserved; Itta unverified lead"
block162-fc80865b.zip,1eqWvpJUHkPPFIGPVsYbEAfabGgi7-DGY,2026-09-30,"Chaikin block162: Lipsker bio, Teibel/Sarah links, Azriel JEM HMS; appointment1950 supported by quoted letter references,1955/56 start conflict; verification queued"
block163-28104f56.zip,1n4-TUKAIq-nR-aUGRAiQVeJqga-6kkhY,2026-09-30,"Chaikin block163: largely existing Chabad Soviet-photo biography, Kahanov genealogy and photos; Surazh/Georgia postings do not supersede Snovsk birth evidence"
block164-fe424717.zip,17nEiWSRXEMG4fjZ0aV2pejsixEewUGTV,2026-09-30,"Chaikin block164: Meir Chaim/Kahanov/Azriel sources and photos; Chava Risa/Dribin/Levitin leads, birth/expulsion conflicts, coverage-first verification queued"
Meir-Chaim-JewishGen-Snovsk-haul-inquiry-20260930.zip,1n5N5K0s0heKeYRn17h1lS5slVV4Qpz91,2026-09-30,"Chaikin JewishGen Snovsk haul raw transcriptions and DACKO send record; candidates only, sent15/27OS wording flagged for calendar correction"
